0,13,0,182,0,0,0,0
0,0,0,0,32913,0,0,0
0,0,0,0,62,0,0,0
0,0,0,0,2178,0,0,0
0,0,0,0,7130,0,0,0
0,0,0,0,1964,0,0,0
0,0,0,0,149,0,0,0
0,0,0,0,419,0,0,0
0,609,0,0,348,0,0,0
0,0,0,0,0,0,3522,57405
0,0,0,0,38628,0,1516,0
0,0,0,0,346,0,0,0
90,0,0,0,8,0,63377,178
0,0,0,0,298,0,121723,198809
0,0,0,0,247,0,0,0
0,0,0,0,40283,0,0,0
0,0,0,0,132,0,0,0
0,0,0,0,69580,0,0,0
0,0,0,0,5834,0,18399,0
0,0,0,0,7408,0,12171,430
0,0,0,0,21517,0,0,0
0,0,0,0,84,0,0,0
0,0,0,0,28545,0,0,0
0,0,0,0,1191,0,0,0
0,0,0,0,1015,0,0,0
0,0,0,0,0,0,18306,0
0,0,0,0,3,0,0,0
0,0,0,0,57,0,0,0
0,0,0,0,3119,0,0,0
0,0,0,0,4115,0,0,0
0,0,0,0,62,0,0,0
0,0,0,0,4302,0,0,0
0,0,0,0,3497,0,0,0
0,0,0,0,31763,0,121012,88813
0,0,0,0,38332,0,0,0
0,0,0,0,121716,0,0,600
0,551,0,0,32760,0,0,0
0,0,0,0,0,0,0,208
0,0,0,0,91016,0,0,13790
0,0,0,0,83752,0,0,59528
0,0,0,0,376,0,49118,177
0,0,0,0,0,0,0,364
58,0,0,0,100469,0,81946,258787
0,24,0,0,50888,0,0,0
0,0,0,0,177980,0,185,0
0,534,0,0,0,0,0,0
0,0,0,0,135620,0,62386,24999
0,0,0,0,0,0,0,145
0,0,0,0,98416,0,0,0
0,0,0,0,6636,0,0,0
0,0,0,0,75840,0,125,334
0,0,0,0,103042,0,33350,0
0,0,0,0,194,0,0,0
0,424,0,0,0,0,0,0
0,421,0,0,0,0,0,0
0,240,0,0,0,0,0,0
0,176,0,0,0,0,0,0
0,572,0,0,0,0,0,0
0,97,0,0,0,0,0,0
0,0,0,0,0,0,3475,55929
0,0,0,0,28582,0,120368,85090
0,0,0,0,0,0,45492,74054
0,0,0,0,145263,0,96759,149890
0,0,0,0,0,0,0,103234
0,0,0,0,0,0,174,0
0,0,0,0,0,0,0,13
0,0,0,0,68,0,96227,108292
0,0,0,0,51451,0,50195,72253
51,0,0,0,0,0,108107,129560
564,0,0,0,0,0,22415,77608
0,0,0,0,153,0,103955,173981
0,0,0,0,437,0,112907,157092
0,0,0,0,84,0,48755,91257
207,0,0,0,582,0,217814,389854
0,0,0,0,0,0,0,34802
0,0,0,0,131,0,59171,93199
0,0,0,0,0,0,17383,0
0,0,0,0,210521,0,49992,870
0,0,0,0,65,0,0,0
0,0,0,0,62,0,0,0
0,0,0,0,1239,0,67792,93818
0,0,0,0,90,0,0,67029
0,0,0,0,0,0,165,0
99,0,0,0,0,0,36098,57338
0,0,0,0,144,0,69957,52500
0,0,0,0,0,0,0,202
0,0,0,0,2309,0,1767,52590
0,0,0,0,0,0,58812,60558
0,0,0,0,0,0,76537,78393
0,0,0,0,124262,0,98663,135761
0,0,0,0,0,0,206964,194891
0,0,3046,113,887,0,0,423
0,0,0,0,5365,0,54547,92745
0,0,0,0,0,0,177,22712
0,0,0,0,0,0,72610,75184
0,0,0,0,0,0,136,46332
0,0,0,0,184898,0,470870,593627
0,0,0,0,0,0,0,255
45,0,0,0,503,0,166554,156851
0,0,0,0,0,0,0,108
0,0,0,0,0,0,46292,114677
74,0,0,0,0,0,0,85
0,0,0,0,6,0,42115,47302
0,0,477,28,0,0,0,0
0,0,0,0,52451,0,0,0
940,0,0,0,0,0,53739,86395
810,0,0,0,0,0,0,0
0,0,0,0,42568,0,337,0
147,0,0,0,0,0,0,0
132,0,0,0,0,0,0,0
0,0,0,0,8452,0,0,0
0,849,0,0,0,0,0,0
0,0,0,0,36,0,0,0
47,0,0,0,32036,0,161,0
0,0,0,0,0,0,156,0
75,0,4257,0,0,0,38642,55917
0,0,0,0,66119,0,0,0
0,0,0,0,1170,0,0,0
0,0,0,0,16,0,0,0
0,0,0,0,615,0,0,0
0,0,2705,0,0,0,4716,0
0,0,0,0,16106,0,0,0
0,0,0,0,40430,0,1015,0
0,0,0,0,9118,0,0,0
0,0,0,0,106942,0,0,0
0,0,0,0,147318,0,94245,151147
0,0,0,0,16807,0,0,0
0,0,0,0,54116,0,26725,0
0,0,0,0,6298,0,0,0
153,0,0,0,0,0,110,0
322,0,0,0,79222,0,51,106
0,0,0,0,68509,0,51,0
107,0,0,0,17996,0,0,0
0,0,0,0,7752,0,0,0
0,0,0,0,48654,0,168,0
0,0,0,0,66041,0,6219,2882
56,0,0,0,144348,0,149206,78593
52,0,0,0,147821,0,181,0
510,0,0,0,181636,0,188324,343792
0,0,0,0,43226,0,0,0
0,0,0,0,55298,0,0,112
0,0,0,0,68956,0,0,0
0,0,0,0,23940,0,0,0
0,0,0,0,47,0,0,0
0,0,0,0,18959,0,0,0
0,0,0,0,40785,0,1640,0
0,3856,0,0,0,0,0,0
0,0,0,0,0,0,126,0
0,0,0,0,26821,0,0,0
0,0,0,0,422726,0,417,84
0,0,0,0,4989,0,0,0
0,9,0,0,75288,0,0,0
0,0,0,0,88248,0,32939,0
0,0,0,0,4406,0,0,0
52,0,0,0,40333,0,0,0
0,0,0,0,22906,0,0,0
0,0,1234,0,145560,0,92930,2580
0,0,0,0,54462,0,0,0
0,0,0,0,12478,0,0,0
0,0,0,0,256897,0,3702,0
0,0,0,0,164968,0,58,210
0,0,106,0,15101,0,0,129
0,0,0,0,61875,0,3678,165
0,0,0,0,44771,0,2828,0
0,0,0,0,3051,0,0,0
0,0,0,0,805,0,0,0
0,0,0,0,298913,0,356585,410547
0,0,0,0,13878,0,0,0
48,0,0,0,221575,0,88495,0
0,0,0,0,4774,0,0,0
0,0,0,0,25511,0,0,0
0,0,0,0,87989,0,106,0
0,0,0,0,20855,0,0,0
0,0,0,0,32902,0,177,0
0,933,0,0,0,0,0,0
0,0,0,0,150486,0,404,0
0,0,0,0,6432,0,0,0
0,0,0,0,25470,0,0,0
0,182,0,0,0,0,0,0
0,0,0,0,14210,0,0,0
0,592,0,0,0,0,0,0
0,1252,0,0,0,0,0,0
0,9,0,0,7585,0,0,0
0,746,0,0,0,0,0,0
0,1540,0,0,0,0,0,0
0,403,0,0,0,0,0,0
0,0,0,0,93,0,0,103474
0,0,0,0,14,0,0,0
0,0,0,0,32324,0,0,0
0,0,0,0,31645,0,0,344
0,0,0,0,62,0,0,0
0,0,0,0,69,0,0,0
0,0,0,0,231,0,2831,0
0,0,0,0,0,0,0,122
0,0,0,0,454,0,125627,181893
0,0,0,0,146971,0,350,0
0,0,0,0,0,0,0,164
0,0,0,0,0,0,153,0
0,0,0,0,133,0,0,0
0,0,0,0,862,0,0,0
0,0,0,0,836,0,0,0
0,0,0,0,193,0,0,0
0,0,0,0,0,0,66492,69067
0,0,0,0,72,0,0,0
0,0,0,0,91,0,0,0
0,0,0,0,1,0,0,0
0,0,0,0,36017,0,0,0
0,0,0,0,48,0,28335,96231
0,0,0,0,96575,0,0,259
0,0,0,0,5,0,0,0
0,0,0,0,0,0,41710,653
0,258,0,0,30110,0,0,0
0,0,0,0,53440,0,26671,0
0,0,0,0,19,0,0,0
0,0,0,0,40,0,0,0
0,0,0,0,4995,0,3018,0
0,189,0,0,0,0,0,0
0,0,0,0,6343,0,0,0
0,0,0,0,0,0,119,0
0,0,0,0,1006,0,178,0
0,0,0,0,2762,0,20727,0
0,0,0,0,0,0,55,0
151,0,0,0,0,0,50,0
169,0,0,0,0,0,0,0
92,0,0,0,0,0,0,0
47,0,0,0,0,0,121,0
50,0,0,0,0,0,0,0
104,0,0,0,13349,0,46927,55014
69,0,0,0,71333,0,0,0
0,0,0,0,0,0,14560,16502
50,0,0,0,0,0,98,0
0,9,0,0,0,0,0,0
0,0,0,0,13881,0,0,0
0,17,0,0,0,0,0,0
0,0,0,0,34,0,0,0
0,0,0,0,16580,0,0,0
0,0,0,0,74,0,0,0
0,0,0,0,0,0,97610,104446
0,0,0,0,32242,0,0,0
155,0,0,0,77601,0,189,168
0,0,0,0,30289,0,0,0
0,0,0,0,0,0,0,128
143,0,0,0,0,0,0,0
141,0,0,0,0,0,167,0
99,0,0,0,44802,0,0,0
3,0,0,0,0,0,0,0
0,0,0,0,75265,0,0,42242
0,0,0,0,15828,0,184,193
154,0,0,0,0,0,0,0
203,0,0,0,97211,0,143679,300
49,0,0,0,43,0,0,0
371,0,0,0,104331,0,168406,396098
50,0,0,0,0,0,0,0
0,0,0,0,0,0,182,0
0,0,0,0,290492,0,0,290
0,0,0,0,30777,0,0,0
47,0,0,0,34660,0,58,0
0,0,0,0,528,0,0,0
0,0,0,0,106,0,211,0
151,0,0,0,46551,0,2278,25000
48,0,0,0,0,0,0,0
0,0,0,0,0,0,130,0
0,0,0,0,11247,0,0,0
0,0,0,0,1757,0,0,0
0,0,0,0,2110,0,0,0
0,0,0,0,0,0,0,86
0,0,0,0,0,0,0,161
0,0,0,0,643,0,62,0
0,0,0,0,173361,0,287082,401022
48,0,0,0,51,0,5340,0
0,0,0,0,3202,0,0,0
0,416,0,0,0,0,0,0
0,438,0,0,0,0,0,0
0,148,0,0,0,0,0,0
0,82,0,0,0,0,0,0
2,0,0,0,0,0,0,0
141,0,0,0,125,0,176,0
47,0,0,0,0,0,0,0
0,0,0,0,0,0,176,0
0,0,0,0,0,0,75,0
72,0,0,0,0,0,3037,2330
0,0,0,0,0,0,81,0
52,0,8832,0,78,0,3032,42502
0,0,365,0,0,0,0,0
0,0,0,0,47824,0,160,0
0,0,0,0,20,0,0,0
0,0,0,0,3,0,0,0
0,0,52,0,0,0,76969,26761
0,0,0,0,170,0,0,0
49,0,0,0,0,0,103,0
0,0,0,0,21710,0,0,0
0,0,0,0,51191,0,50824,72317
0,978,0,0,0,0,0,0
53,0,0,0,68010,0,54,0
0,0,0,0,30945,0,0,0
102,0,0,0,44631,0,0,0
47,0,0,0,0,0,0,0
0,0,0,0,0,0,52,0
55,0,0,0,261,0,125,0
0,0,0,0,53719,0,38,169
133,0,0,0,181901,0,141135,244199
0,95,0,0,10911,0,0,0
49,0,0,0,205943,0,0,167
0,0,0,0,4487,0,0,0
0,0,0,0,2027,0,0,0
0,0,0,0,778,0,173,0
0,0,0,0,12,0,0,0
0,0,0,0,441,0,0,0
0,0,0,0,36508,0,246,254
0,0,0,0,21868,0,0,0
0,0,0,0,0,0,176,88569
0,0,0,0,309,0,0,0
0,0,0,0,0,0,52,0
0,0,0,0,10052,0,0,0
0,0,0,0,10329,0,0,0
0,829,0,0,0,0,0,0
0,0,0,0,0,0,136,0
0,0,0,0,0,0,20259,0
0,0,0,0,46,0,0,0
0,0,0,0,21849,0,0,0
0,0,0,0,0,0,14322,0
0,0,9656,0,0,0,270,0
0,0,0,0,51326,0,263,0
0,0,0,0,2365,0,0,0
0,0,0,0,8863,0,0,0
0,0,0,0,1810,0,0,0
0,0,0,0,3,0,0,0
0,0,45,0,68,0,0,0
0,0,0,0,5977,0,0,0
0,0,35052,0,0,0,40399,0
0,0,0,0,99456,0,108,15264
50,0,0,0,0,0,110865,137399
0,0,0,0,40907,0,390,119
106,0,0,0,24141,0,171,172
398,0,0,0,0,0,0,0
401,0,0,0,0,0,0,0
357,0,0,0,222,0,0,0
0,0,0,0,108,0,0,0
369,0,0,0,0,0,0,0
0,0,0,0,0,0,19191,69677
0,0,0,0,317,0,48561,17147
0,0,0,0,201,0,0,171
148,0,0,0,0,0,102282,276535
0,2,0,0,8170,0,0,0
0,0,0,0,176071,0,0,0
0,0,0,0,518,0,0,0
0,532,0,0,0,0,0,0
153,0,0,0,0,0,0,0
0,0,0,0,145,0,0,0
0,0,0,0,505,0,8429,5906
0,0,0,0,0,0,20116,251
0,0,0,0,64437,0,0,0
0,0,0,0,134,0,0,143
0,0,0,0,20881,0,45307,0
0,0,0,0,1896,0,0,0
0,297,0,91,23213,0,0,0
0,0,0,0,33941,0,0,0
0,0,0,0,9905,0,0,0
0,0,0,0,167,0,0,0
0,0,0,22838,0,0,0,0
0,78,0,0,0,0,0,0
0,118,0,0,0,0,0,0
0,0,0,0,4773,0,0,0
0,1027,0,0,0,0,0,0
0,464,0,0,0,0,0,0
0,370,0,0,0,0,0,0
0,7,0,130,17763,0,839,0
0,0,0,0,8138,0,0,0
0,0,0,0,75057,0,310,46389
53,0,0,0,0,0,0,0
0,0,0,0,27200,0,0,0
0,0,0,0,229,0,120322,65988
126,0,0,0,93,0,163569,244536
0,0,0,0,103678,0,285,138
0,0,0,0,3192,0,0,0
0,0,0,0,230,0,0,0
0,0,0,0,7151,0,0,0
0,0,0,0,1867,0,0,0
0,0,0,0,0,0,0,133
0,0,0,0,0,0,31552,110392
0,0,0,0,0,0,20732,73256
0,0,0,0,53775,0,122,0
0,0,0,0,36902,0,320,170
48,0,0,0,0,0,0,0
50,0,0,0,16994,0,181,722
0,0,0,0,0,0,323,0
0,0,0,0,26178,0,0,150
0,0,0,0,0,0,197392,9035
188,0,262,0,208,0,175066,366981
0,0,0,0,0,0,0,98
0,0,0,0,202992,0,0,760
0,0,0,0,0,0,0,166
0,0,923,0,0,0,0,0
0,0,0,0,15747,0,733,496
0,0,0,0,1288,0,346,0
0,0,2442,0,0,0,0,0
0,0,0,0,1740,0,181,0
0,0,0,0,672,0,0,0
0,0,0,0,0,0,0,239
0,0,0,0,72,0,0,0
0,0,4995,0,0,0,0,0
0,0,8891,0,172,0,347421,390452
34,0,0,0,0,0,0,0
0,0,948,0,0,0,0,0
0,0,188,3567,0,0,0,0
0,0,14199,17611,131423,0,0,0
0,0,149,5566,2893,0,0,0
0,15,0,278,0,0,0,0
0,0,0,0,360,0,180,0
0,0,0,0,85069,0,0,61856
0,0,0,0,140,0,99807,180783
0,0,0,0,66057,0,6929,2764
50,0,0,0,0,0,0,0
52,0,0,0,0,0,59,0
52,0,0,0,47,0,0,0
0,0,0,0,0,0,52,0
0,0,0,0,0,0,18573,67828
0,0,0,0,0,0,52,0
0,0,157,3476,0,0,0,0
69,0,0,0,257,0,186395,130953
0,0,0,0,0,0,0,124
119,0,0,0,208,0,207693,426055
0,0,0,0,0,0,53,0
0,676,0,0,0,0,0,0
0,0,0,0,217,0,48,0
57,0,57,4044,23750,0,437,309
0,0,3483,1080,9176,0,0,0
0,0,0,0,120607,0,382,0
0,0,0,0,276,0,188,0
0,0,4961,1056,0,0,0,0
28,0,0,0,0,0,0,0
0,0,0,0,172,0,0,0
0,0,0,0,170,0,0,0
0,0,53,116,165628,0,444,64163
0,0,0,0,1699,0,0,0
0,0,0,1433,0,0,139,52231
0,0,0,0,0,0,155,0
0,0,0,0,133,0,466,70579
0,0,0,0,0,0,175,0
0,0,0,0,7690,0,132978,140194
0,0,0,0,1485,0,0,0
0,0,0,0,0,0,70040,102104
0,0,0,0,0,0,53,51717
0,0,0,0,8619,0,0,0
0,0,0,0,0,0,169,137
0,151,0,0,0,0,0,0
0,119,0,0,0,0,0,0
0,45,0,0,0,0,0,0
0,36,0,0,0,0,0,0
89,0,0,0,0,0,62079,303
0,0,0,0,326,0,49363,0
165,0,0,0,310,0,113163,156900
0,0,0,0,0,0,166,0
29,0,0,0,145844,0,153566,78173
0,0,0,0,219,0,3159,0
91,0,0,0,0,0,120,0
255,0,0,0,99312,0,148247,0
0,0,0,0,0,0,3015,2137
54,0,0,0,268,0,198,0
0,0,0,0,337,0,45002,13364
0,0,0,0,215,0,111316,65100
0,0,0,0,0,0,198583,9792
68,0,0,0,273,0,189518,132160
52,0,0,0,1061,0,42932,0
501,0,0,0,14435,0,312153,406715
120,0,0,0,0,0,216,0
0,0,0,0,0,0,100695,2199
0,0,0,0,208,0,298,0
0,0,0,0,17103,0,0,0
0,22,0,0,177499,0,81185,0
0,0,0,0,189,0,0,0
0,0,0,0,179,0,0,0
0,0,0,0,57,0,0,0
0,0,0,0,4441,0,115231,0
0,0,0,0,742,0,97634,0
100,0,0,0,66517,0,99179,55279
0,0,0,0,255,0,0,0
0,0,0,0,2330,0,12987,50427
41,0,0,0,0,0,0,0
0,0,0,0,241157,0,169379,71029
0,0,0,0,283,0,0,0
0,0,0,0,565,0,105979,18597
0,0,0,0,0,0,12478,0
0,0,0,0,335,0,8869,9278
0,17,3283,0,2616,0,137705,7075
0,0,0,0,115,0,0,0
66,0,0,0,580,0,307397,110573
0,0,0,0,324,0,0,0
0,0,0,0,232,0,0,0
0,0,0,0,274,0,197233,67903
0,0,0,0,0,0,45196,93551
53,0,0,0,146709,0,0,0
100,0,0,0,0,0,0,0
48,0,0,0,43,0,0,0
0,0,0,0,54044,0,0,0
0,0,0,0,52,0,0,0
52,0,0,0,1013,0,42290,0
246,0,0,0,400,0,156647,279073
0,0,0,0,1971,0,0,0
0,0,0,0,194503,0,167,846
0,0,0,0,83,0,0,0
0,0,0,0,17054,0,515,0
0,0,0,0,33365,0,0,0
0,0,0,0,12227,0,0,0
0,0,0,0,105989,0,0,0
0,0,0,0,562,0,0,0
0,0,0,0,826,0,0,0
0,0,0,0,0,0,241136,289761
0,0,0,0,2011,0,43340,0
0,0,0,0,133,0,0,150
0,0,0,0,77,0,0,0
0,0,0,0,0,0,120244,196866
0,0,0,0,4394,0,0,0
58,0,0,0,100658,0,79669,252617
226,0,0,0,0,0,223376,388428
2,0,0,0,0,0,0,0
75,0,4335,0,0,0,37511,59001
421,0,0,0,185367,0,183161,353661
0,0,0,0,582,0,128454,184789
0,0,0,0,704,0,28928,100674
0,0,0,0,13,0,0,0
91,0,0,0,13147,0,47247,54931
408,0,0,0,106000,0,165417,393613
127,0,10114,0,72,0,3211,42723
134,0,0,0,171174,0,141295,246375
0,0,10233,0,0,0,0,0
1,0,0,0,0,0,90033,260514
127,0,0,0,0,0,163732,243305
86,0,586,0,517,0,167873,377969
203,0,0,0,72,0,211180,428211
459,0,0,0,12505,0,298325,396296
239,0,0,0,303,0,154924,276362
0,0,0,0,1674,0,57347,67414
0,0,107,0,0,0,0,0
0,0,0,0,0,0,0,67342
130,0,0,0,74,0,0,43253
0,0,0,0,0,0,34875,58211
0,0,0,0,0,0,125848,185976
0,0,0,0,0,0,77721,57101
0,0,194,0,2,0,0,92609
0,0,0,0,950,0,239,0
0,0,0,0,105,0,4809,161239
0,0,115,0,0,0,62655,124798
0,0,0,0,0,0,8399,63019
373,0,0,0,0,0,177269,295993
0,0,0,0,0,0,0,5855
0,0,0,0,0,0,128236,204024
0,0,0,0,0,0,16992,0
109,0,359,0,88162,0,106308,209908
0,0,0,0,0,0,23134,67508
0,0,0,0,0,0,24229,117895
0,0,0,0,0,0,25247,2674
0,0,0,0,0,0,61967,103295
0,0,0,0,16222,0,77642,224025
0,0,0,0,0,0,0,41862
0,0,0,0,0,0,0,343
0,0,0,0,364331,0,189479,400929
0,0,0,0,44255,0,0,159961
0,0,49354,287,187,0,178,233
0,0,0,0,661,0,160435,251584
0,0,0,0,0,0,59203,35657
0,0,0,0,0,0,44551,195981
0,0,0,0,0,0,0,196
0,0,0,0,56,0,0,0
56,0,4498,0,41,0,64,89571
254,0,0,0,0,0,188037,393049
307,0,0,0,4041,0,0,869
0,0,0,0,0,0,65183,94584
0,0,59,0,0,0,16070,134248
0,0,0,0,36,0,60433,89325
0,0,0,0,0,0,75896,283424
0,0,19414,0,0,0,0,0
0,0,7507,0,0,0,0,0
0,0,0,0,43655,0,0,0
0,50,0,0,51310,0,0,0
0,0,0,0,296,0,0,0
0,0,0,0,8387,0,0,0
0,4,0,0,0,0,0,0
0,36,0,0,0,0,0,0
0,0,0,0,56667,0,140,139
0,0,0,0,0,0,383,435
0,0,0,0,842,0,54102,68389
0,0,0,0,51270,0,403,0
0,0,0,0,33,0,0,0
0,0,0,0,127,0,0,0
0,0,0,0,5914,0,30530,55272
0,0,0,0,10058,0,167,0
0,0,0,0,41,0,0,0
0,7,0,0,68506,0,0,0
0,0,44,0,0,0,0,0
0,0,19151,0,0,0,0,0
0,0,0,0,0,0,0,35726
0,0,0,0,23273,0,0,153
0,0,0,0,49,0,0,0
0,0,0,0,0,0,0,67343
0,0,0,0,37294,0,0,0
52,0,0,0,58,0,55,0
0,0,0,0,0,0,0,174
49,0,0,0,1,0,0,0
0,0,0,0,0,0,52,0
116,0,0,0,0,0,164,0
166,0,0,0,75,0,53,44704
0,0,0,0,21476,0,0,252
1,0,0,0,0,0,0,0
0,0,0,0,0,0,79,0
0,0,0,0,0,0,0,21
51,0,0,0,0,0,107,0
0,0,0,0,3963,0,181,0
0,343,0,0,0,0,0,0
0,0,0,0,0,0,0,148
0,0,0,0,0,0,34079,57073
0,0,0,0,0,0,174,0
0,129,0,0,13228,0,0,0
0,0,0,0,0,0,0,140
0,0,0,0,0,0,175,0
0,12,0,0,0,0,0,0
0,53,0,0,10915,0,0,0
0,15,0,0,1599,0,0,0
0,0,0,0,0,0,106,0
0,0,0,0,0,0,58636,93135
0,0,0,0,41523,0,2731,314
0,0,0,0,0,0,202,0
0,0,0,0,13,0,99300,3040
0,0,0,0,1852,0,0,0
0,0,0,0,108,0,121962,183760
0,0,0,0,0,0,118,0
0,0,0,0,57731,0,0,0
0,0,0,0,130,0,0,0
0,0,0,0,104,0,0,0
0,0,0,0,47205,0,165,0
0,0,0,0,1527,0,0,0
0,0,0,0,0,0,149,342
0,0,0,0,6517,0,20213,7010
0,0,0,0,1837,0,0,0
0,0,0,0,38,0,40984,0
0,0,0,0,8343,0,0,0
0,3216,0,0,0,0,0,0
0,1908,0,0,0,0,0,0
0,11233,0,0,0,0,0,0
0,0,0,0,0,0,16771,158
0,0,0,0,105,0,51,132
0,0,42,3621,23328,0,581,0
0,0,0,0,215,0,180,0
0,0,0,0,0,0,77635,57969
0,0,0,0,39502,0,0,0
0,0,0,0,25,0,0,0
0,0,0,0,29887,0,0,0
0,0,0,0,0,0,0,125
0,0,0,0,0,0,172,0
0,0,0,0,87,0,0,0
0,0,0,0,94,0,138,285
0,0,436,0,0,0,0,90503
0,0,0,0,72690,0,0,0
0,0,5441,0,0,0,0,0
0,0,0,0,203,0,0,0
0,0,59,0,71,0,0,114
0,0,31755,0,0,0,36606,0
0,0,0,0,442,0,0,0
0,0,0,0,22469,0,0,0
0,0,3480,820,9966,0,0,0
0,0,0,0,17033,0,0,0
0,0,0,0,938,0,0,0
0,0,0,0,423,0,0,0
0,0,2053,398,36698,0,0,0
0,0,0,0,10555,0,27681,0
0,0,0,0,31082,0,0,0
0,524,0,0,293,0,0,0
0,0,0,0,41695,0,0,0
0,0,0,0,28670,0,0,0
0,0,0,0,166203,0,0,0
0,0,0,0,212132,0,49651,0
0,0,0,0,6409,0,0,0
0,0,0,0,67672,0,0,0
0,0,0,0,31,0,0,0
0,0,0,0,421975,0,0,0
0,0,0,0,143161,0,0,0
0,0,0,0,103700,0,0,0
0,0,0,0,1080,0,0,0
0,0,0,0,69266,0,0,0
0,0,0,0,13936,0,0,0
0,0,0,0,18859,0,0,0
0,0,0,0,297188,0,0,0
63,0,0,0,49723,0,0,0
51,0,0,0,200835,0,110,0
0,0,0,0,3023,0,0,0
0,0,0,0,51171,0,0,0
0,0,0,0,160518,0,0,0
0,0,0,0,102873,0,0,0
0,0,0,0,211122,0,0,0
0,0,0,0,120475,0,0,0
0,0,0,0,178007,0,80046,0
0,0,0,0,190894,0,0,0
0,0,0,0,207,0,1041,2535
0,0,0,0,50133,0,0,0
0,0,0,0,22668,0,0,0
0,0,0,0,55639,0,0,0
0,2157,0,0,0,0,0,0
0,0,0,0,34455,0,0,0
0,0,0,0,75694,0,0,0
0,0,0,0,67225,0,0,0
0,0,0,0,89079,0,0,0
0,71,0,0,0,0,0,0
0,0,0,0,19224,0,0,0
0,0,0,0,97390,0,130,0
0,0,0,0,173249,0,129,0
0,0,0,0,4898,0,0,0
0,0,0,0,194163,0,0,0
0,0,0,0,48115,0,0,0
0,0,0,0,8058,0,0,0
0,0,0,0,38460,0,0,0
0,0,0,0,13611,0,0,0
0,0,0,0,34958,0,0,0
0,0,0,0,3488,0,0,0
0,0,0,0,20171,0,0,0
0,0,0,0,77019,0,7824,0
0,0,0,0,21004,0,0,0
0,0,0,0,375808,0,0,0
0,0,0,0,254162,0,0,0
0,0,0,0,85401,0,0,0
0,0,0,0,70882,0,0,0
0,0,0,0,45181,0,0,0
0,0,0,0,0,0,80,0
0,0,0,0,45660,0,0,0
0,0,0,0,8424,0,0,0
0,0,0,0,175,0,2409,2458
0,0,0,0,82575,0,0,0
0,0,0,0,216824,0,43973,0
0,0,0,0,665,0,0,0
0,0,0,0,48892,0,0,0
0,0,0,0,12242,0,0,0
0,0,0,0,89115,0,0,0
0,0,0,0,6654,0,0,0
0,0,0,0,111,0,0,0
0,0,0,0,155112,0,0,0
0,0,0,0,25623,0,0,0
0,24,0,0,0,0,0,0
0,17,0,0,0,0,0,0
0,0,0,0,10179,0,0,0
0,206,0,0,0,0,0,0
0,0,0,0,9290,0,0,0
0,0,0,0,20382,0,0,0
0,0,0,0,5154,0,0,0
0,0,701,66,0,0,0,0
0,0,0,0,35,0,0,0
0,0,0,0,63,0,0,0
0,0,0,0,30053,0,0,0
0,0,0,0,105,0,0,0
0,0,0,0,213,0,0,221
0,0,0,0,0,0,5112,159015
0,0,0,0,67707,0,0,144
0,0,0,0,2192,0,0,0
0,0,0,0,1101,0,0,0
0,0,0,0,0,0,38239,88719
0,453,0,0,0,0,0,0
0,84,0,0,0,0,0,0
48,0,0,0,34160,0,39,0
0,0,0,0,0,0,180,0
0,0,0,0,175,0,286,0
0,0,0,0,0,0,62562,126299
0,0,0,0,89045,0,0,0
0,0,0,0,0,0,0,173
0,0,0,0,438,0,0,0
0,0,9918,0,0,0,57389,6587
0,20,0,0,0,0,0,0
0,0,0,0,75981,0,0,285
0,0,0,0,28,0,0,0
0,0,0,0,0,0,9176,61244
0,0,0,0,4956,0,0,0
0,0,0,0,0,0,24648,0
0,0,0,0,892,0,0,0
0,0,0,0,18710,0,0,0
0,0,0,0,60,0,0,0
0,0,0,0,64,0,0,0
0,0,0,0,2155,0,0,0
0,0,0,0,0,0,292,191
0,0,0,0,1043,0,0,0
0,0,0,0,1784,0,67258,89632
0,0,0,0,1225,0,0,0
0,0,0,0,86920,0,33094,440
0,0,0,0,476,0,0,0
0,0,0,0,4616,0,0,0
0,0,0,0,2241,0,0,0
0,0,0,0,2867,0,0,0
0,0,0,0,135,0,194,0
0,0,0,0,4719,0,113274,369
0,0,0,0,16199,0,715,0
189,0,0,0,231,0,178767,295759
0,0,0,0,0,0,56,0
0,0,0,0,1493,0,0,0
0,0,0,0,96730,0,0,0
0,0,0,0,2323,0,0,0
47,0,0,0,901,0,0,0
0,0,0,0,171,0,0,0
0,0,0,0,88229,0,0,0
0,0,0,0,15784,0,845,0
0,0,0,0,21782,0,32558,68592
0,0,0,0,17671,0,0,0
0,0,0,0,0,0,51762,0
0,0,0,0,14116,0,0,0
0,0,0,0,1722,0,0,0
0,0,0,0,0,0,87,0
0,0,0,0,136631,0,64087,26350
0,0,0,0,0,0,0,69377
0,0,0,0,410,0,0,0
0,0,0,0,0,0,0,159
0,0,0,0,0,0,0,5777
0,0,0,0,26,0,0,0
0,0,5118,937,0,0,0,0
0,0,0,0,16809,0,0,0
0,46,2997,755,0,0,0,0
0,619,0,0,0,0,0,0
0,0,0,0,0,0,171,0
0,0,0,0,4471,0,0,0
0,0,0,0,0,0,182,128
0,0,0,0,70,0,0,0
0,0,0,0,68,0,0,0
0,0,0,0,894,0,97106,117
0,0,0,0,0,0,130406,197039
0,0,0,0,171866,0,466,0
0,0,0,0,9657,0,0,0
0,0,0,0,600,0,0,0
0,0,0,0,235,0,0,0
0,0,0,0,0,0,239733,236636
0,0,0,0,460,0,171,0
0,0,0,0,70,0,0,0
0,0,0,0,77,0,0,0
0,0,992,0,51,0,0,0
0,0,0,0,0,0,16256,0
0,0,0,0,5527,0,0,0
0,0,2088,0,6857,0,0,0
0,0,11,0,0,0,0,0
0,109,0,0,0,0,0,0
49,0,0,0,0,0,37346,55183
98,0,0,0,41027,0,0,0
98,0,0,0,48602,0,2423,26301
0,0,0,0,6993,0,0,0
0,0,0,0,14860,0,161,0
49,0,0,0,0,0,0,0
95,0,0,0,68381,0,94318,52956
0,0,0,0,0,0,180,158
108,0,227,0,84963,0,111096,205909
1,0,0,0,0,0,0,0
0,0,5268,0,0,0,0,0
0,0,0,0,191372,0,414,444
0,0,0,0,15,0,0,0
45,0,0,0,826,0,0,0
0,0,0,0,9701,0,0,0
0,0,2495,0,6005,0,86,0
0,0,0,0,0,0,125,0
0,0,2624,0,6412,0,0,0
0,0,0,0,1490,0,671,0
0,0,0,0,15548,0,0,0
0,0,0,0,0,0,0,173
0,0,0,0,398,0,0,132
0,0,2239,0,7418,0,0,0
0,0,0,0,96433,0,195259,235763
51,0,0,0,0,0,4872,0
0,0,2397,0,6312,0,0,0
0,0,0,0,0,0,0,134
0,0,0,0,169,0,0,0
0,52,0,0,0,0,0,0
0,117,0,0,0,0,0,0
0,26,0,0,0,0,0,0
0,51,0,0,0,0,0,0
0,0,0,0,14682,0,0,0
0,210,0,0,0,0,0,0
0,82,0,0,0,0,0,0
49,0,0,0,0,0,0,0
0,0,0,0,1483,0,0,153
0,0,0,0,118,0,22748,64330
0,0,0,0,49235,0,65,0
0,0,0,0,0,0,3150,92
0,0,0,0,55,0,0,0
0,0,0,0,7981,0,0,0
0,0,0,0,38,0,69542,50775
0,0,0,0,23269,0,0,153
0,0,0,0,190,0,0,0
0,0,0,0,36845,0,0,141
0,0,0,0,0,0,24755,121144
0,0,0,0,37128,0,0,0
0,0,0,0,156,0,0,0
0,0,0,0,1173,0,0,0
0,0,0,0,16,0,0,129
0,0,0,0,0,0,118,0
0,0,2310,0,0,0,0,0
0,0,0,0,0,0,24134,2692
0,0,54,0,0,0,0,0
0,0,0,0,13799,0,0,0
0,0,1821,0,7113,0,0,0
0,0,16,0,0,0,0,0
0,0,0,0,12,0,0,100
0,0,53,0,0,0,177,0
0,0,0,0,172,0,0,0
0,0,0,0,23,0,0,0
0,0,0,0,0,0,63480,103568
0,0,0,0,3762,0,0,0
0,0,0,0,211,0,0,0
0,0,0,0,30876,0,0,0
0,0,0,0,166,0,0,0
0,0,0,0,63061,0,0,0
0,0,0,0,165,0,0,0
0,0,0,0,0,0,0,202
0,0,0,0,0,0,55,0
0,0,0,0,36,0,0,0
0,0,0,0,594,0,0,0
0,0,0,0,11049,0,0,0
0,0,0,0,3633,0,0,0
0,0,0,0,19685,0,0,0
0,0,0,0,114,0,0,0
0,0,0,0,7258,0,0,0
0,0,0,0,132,0,0,144
0,0,0,0,973,0,0,0
0,0,0,0,2223,0,2032,50528
0,0,1027,0,146838,0,93305,2713
0,0,0,0,567,0,0,0
0,0,0,0,1588,0,0,0
0,0,0,0,1866,0,0,0
0,0,0,0,8638,0,0,0
0,0,0,0,143,0,0,0
0,0,0,0,1711,0,181,0
0,0,0,0,2274,0,14496,50071
0,0,0,0,11985,0,0,0
0,0,0,0,15998,0,75841,224384
0,0,0,0,431,0,0,0
0,0,0,0,75198,0,8328,171
0,0,0,0,1093,0,0,0
0,0,0,0,437,0,0,0
0,0,0,0,4882,0,0,0
0,0,0,0,171,0,0,0
0,0,0,0,1456,0,703,0
0,0,0,0,155,0,0,0
0,0,0,0,171,0,0,0
0,0,0,0,0,0,1093,0
0,0,0,0,9965,0,8791,0
0,0,0,0,168,0,0,0
0,0,0,0,10706,0,92683,112513
0,0,0,0,10574,0,0,0
0,0,0,0,12319,0,9375,0
0,0,0,0,168,0,0,0
0,0,0,0,16013,0,0,0
0,0,0,0,443,0,4128,0
0,0,0,0,0,0,59692,61252
0,0,0,0,55578,0,0,0
0,0,0,0,252,0,0,0
0,0,0,0,634,0,8687,5796
0,0,0,0,0,0,0,43220
0,28,0,0,1306,0,0,0
0,0,0,0,0,0,166,0
0,0,0,0,10187,0,353,0
0,0,0,0,855,0,0,0
0,0,0,0,0,0,75951,79319
0,0,0,0,0,0,171,0
0,0,0,0,12935,0,0,0
0,0,0,0,0,0,20012,0
0,0,0,0,0,0,20953,171
41,0,0,0,0,0,0,0
0,0,0,0,9857,0,186,477
0,0,0,0,0,0,153,0
0,0,0,0,163,0,0,0
0,0,0,0,93,0,0,0
0,0,0,0,20350,0,0,0
0,0,0,0,1822,0,0,0
0,0,0,0,68977,0,281,0
0,0,0,0,96195,0,0,0
0,0,0,0,125351,0,98163,137298
0,0,0,0,254774,0,4250,220
0,0,0,0,482,0,0,0
0,0,0,0,1905,0,0,0
0,0,0,0,1732,0,0,0
0,0,0,0,63799,0,0,0
0,0,0,0,1750,0,0,0
0,0,0,0,628,0,0,0
0,0,14822,18441,131061,0,0,0
0,0,0,72,168050,0,403,66241
44,0,0,0,239061,0,165810,73469
0,0,0,0,106407,0,0,0
0,0,0,0,361204,0,188935,399632
0,0,0,0,39,0,0,0
0,0,0,0,43243,0,278,0
0,0,0,0,29832,0,0,0
0,0,1889,386,30461,0,0,0
0,0,0,0,373810,0,174,200
0,9,0,0,83000,0,0,128
0,0,0,0,34,0,0,0
0,0,0,3,16660,0,0,0
0,0,0,0,465,0,0,0
0,0,0,0,16810,0,0,0
0,0,0,0,621,0,0,0
0,0,0,0,60834,0,0,0
0,0,0,0,695,0,0,0
0,0,0,0,16787,0,0,152
0,105,2534,702,85015,0,178,0
0,0,0,0,82255,0,0,0
0,0,0,0,222753,0,294049,74714
0,0,0,0,15658,0,0,0
0,0,9796,2519,174569,0,62048,150
0,0,0,0,89,0,0,0
0,0,0,0,82124,0,0,0
0,16,0,0,2503,0,0,0
0,0,0,0,10366,0,0,0
0,0,0,0,45760,0,171,0
0,0,0,0,2514,0,0,0
0,488,0,0,0,0,0,0
0,437,0,0,0,0,0,0
0,350,0,0,0,0,0,0
0,632,0,0,0,0,0,0
0,144,0,0,1683,0,0,0
0,755,0,0,0,0,0,0
0,0,0,0,4155,0,0,0
0,0,0,0,0,0,204663,193705
0,34,0,0,143740,0,125,396
0,14,0,0,0,0,0,0
0,0,0,0,0,0,0,111
0,0,0,0,0,0,0,224
0,0,0,0,0,0,436,302
0,0,0,0,0,0,99,135
0,0,0,0,42256,0,1178,165223
0,9,0,0,231628,0,424,353
0,0,0,0,0,0,0,165
0,0,0,0,0,0,2914,0
0,0,10260,0,295,0,167,0
0,43,0,0,334799,0,885846,799783
0,0,0,0,0,0,4912,115
0,0,20,0,0,0,0,0
0,0,0,0,47,0,99,21098
0,0,2560,144,198,0,0,0
0,0,166,0,15893,0,0,0
0,0,0,0,268,0,0,0
0,0,0,0,378,0,0,0
0,0,0,0,1487,0,0,0
0,0,136,0,193,0,0,0
0,0,0,0,439,0,0,0
0,0,47742,269,57,0,0,969
0,0,61,0,0,0,0,0
0,0,0,0,1697,0,0,0
0,0,0,0,90378,0,0,0
0,0,0,0,18,0,0,0
0,0,0,0,15248,0,706,0
0,0,0,0,87,0,0,0
0,0,0,0,9746,0,9018,0
0,0,0,0,15805,0,0,0
0,0,10256,0,0,0,0,0
0,0,0,0,8248,0,0,0
0,0,55899,0,283,0,45840,1124
0,0,0,0,0,0,0,120
0,0,0,0,669,0,0,0
0,0,0,0,0,0,0,645
0,0,0,0,156,0,0,0
0,0,0,0,622,0,0,0
0,0,0,0,0,0,111,0
0,0,0,0,5724,0,0,0
0,0,0,0,5339,0,55649,88150
0,0,0,0,803,0,0,0
0,0,0,0,64619,0,3950,563
0,0,0,0,670,0,0,0
0,0,0,0,6278,0,0,0
0,0,103,5888,3242,0,0,0
0,0,0,1519,0,0,186,55473
0,0,0,0,623,0,108007,18889
0,0,0,0,826,0,0,0
0,0,0,0,908,0,159424,249527
0,0,0,0,0,0,101,124
0,0,0,0,72944,0,173,166
0,15,0,0,0,0,0,0
0,35,2822,568,0,0,0,0
0,94,2727,623,87589,0,155,0
0,0,0,0,8468,0,0,176
0,0,0,0,8932,0,15246,47668
0,0,0,0,8958,0,0,0
0,0,0,0,0,0,41780,158
0,0,0,0,9173,0,0,0
0,0,0,0,26,0,0,0
0,0,0,0,0,0,0,22014
0,0,0,0,186,0,0,0
0,0,0,0,35419,0,0,0
0,0,0,0,0,0,0,138
0,0,0,0,0,0,57383,40669
0,0,0,0,45792,0,80,0
0,0,0,0,0,0,65,0
0,0,0,0,0,0,12404,0
0,0,0,0,0,0,155,0
0,0,0,0,0,0,0,133
0,0,0,0,0,0,1431,0
0,0,0,0,48178,0,0,546
0,0,0,0,0,0,71132,76308
0,0,0,0,49418,0,2787,0
0,0,0,0,4634,0,3141,0
0,0,0,0,0,0,131,69477
0,0,0,0,305,0,8821,8747
0,0,0,0,0,0,43947,197030
0,0,0,0,33066,0,0,0
0,19,0,0,0,0,0,0
0,0,0,0,45891,0,0,0
0,0,0,0,0,0,274,0
0,0,0,0,158,0,0,0
0,59,0,0,0,0,0,0
0,0,0,0,153,0,0,0
0,0,0,0,170,0,0,0
0,0,0,0,84917,0,0,0
0,0,0,0,0,0,51968,0
0,0,0,0,20347,0,186,2350
0,445,0,0,0,0,0,0
0,0,0,0,5,0,0,0
0,0,4887,0,0,0,0,0
0,0,66,0,0,0,0,0
0,0,0,0,9055,0,0,0
0,0,2304,0,7466,0,0,0
0,0,56,0,0,0,0,0
0,0,0,0,104851,0,34563,0
0,0,0,0,0,0,0,51216
0,0,0,0,3607,0,0,0
0,0,0,47,22150,0,47923,196
0,0,0,0,0,0,0,127
0,212,0,0,0,0,0,0
0,0,0,0,332,0,163,0
0,0,0,0,40,0,0,0
0,9,0,0,2457,0,0,0
0,0,0,0,90,0,0,0
0,0,0,0,1576,0,0,0
0,0,0,0,111,0,0,0
0,0,0,0,18134,0,0,0
0,0,0,0,90,0,0,0
0,0,0,0,57,0,0,0
0,0,0,0,6869,0,18937,127
0,0,0,0,0,0,17608,0
0,0,0,0,179806,0,469916,581916
0,0,2732,0,0,0,4610,0
0,0,0,0,284722,0,348921,404747
0,0,0,0,0,0,61635,70678
0,0,0,0,0,0,42295,859
0,0,0,0,2716,0,20336,0
0,0,0,0,0,0,14883,16120
0,0,0,0,169949,0,295551,394092
0,0,54,0,0,0,78618,26736
0,0,0,0,0,0,73,90584
0,0,0,0,0,0,15081,0
0,0,36179,0,0,0,38729,0
0,0,0,0,90,0,30995,103890
0,0,9255,0,209,0,356295,380946
0,0,0,0,7102,0,125485,140424
0,0,3369,0,4771,0,125237,8078
0,0,0,0,0,0,237940,283565
0,0,295,0,0,0,371,1776
0,0,0,0,6172,0,31778,54013
0,0,19381,0,0,0,0,0
0,0,0,0,0,0,0,1097
0,0,0,0,6336,0,20026,7750
0,11153,0,0,0,0,0,0
0,0,0,0,0,0,158,0
0,0,32519,0,139,0,35754,0
0,0,0,0,68,0,0,0
0,0,0,0,193,0,0,0
0,0,0,0,0,0,36279,86508
0,0,10551,0,0,0,58642,7915
0,0,0,0,0,0,24691,0
0,0,0,0,21292,0,33735,69800
0,0,0,0,0,0,241740,239311
0,0,12,0,0,0,0,0
0,0,0,0,92167,0,190353,230956
0,0,0,0,0,0,3248,146
0,0,48,0,0,0,220,0
0,0,0,0,11583,0,88803,112382
0,0,0,0,217279,0,294031,76979
0,0,0,0,342703,0,878768,793109
0,0,57037,0,0,0,42499,539
0,0,0,0,8559,0,14327,49654
0,0,0,0,0,0,102,0
0,0,45,0,0,0,0,0
0,0,0,0,0,0,37479,93134
0,0,0,0,2978,0,465766,334141
0,0,0,0,7186,0,0,1551
0,0,0,0,0,0,0,132
0,0,31,0,0,0,0,0
0,0,126,0,0,0,42328,73385
0,0,0,0,0,0,15949,0
0,0,0,0,36,0,138351,238755
0,0,18003,0,0,0,27876,0
0,0,0,0,13753,0,0,0
0,0,0,0,213,0,0,0
0,0,0,0,1398,0,0,0
0,0,0,0,125,0,120,105
57,0,3827,0,0,0,66,90397
0,0,0,0,1893,0,0,0
0,0,0,0,82465,0,0,148
0,0,0,0,17567,0,0,0
0,0,0,0,10508,0,0,0
0,0,0,0,16719,0,0,0
0,0,207,0,112,0,0,0
0,0,0,0,9611,0,0,0
0,0,0,0,0,0,37794,99318
0,0,0,0,400,0,0,0
0,0,0,0,72,0,0,0
0,0,0,0,7972,0,14652,0
0,0,0,0,479,0,163567,159127
49,0,0,0,218319,0,87575,894
97,0,0,0,0,0,0,0
199,0,0,0,0,0,5144,0
46,0,0,0,0,0,103,0
0,0,0,0,0,0,113,0
0,0,0,0,0,0,73012,99866
69,0,0,0,861,0,298143,114227
0,0,0,0,1906,0,42779,0
260,0,0,0,246,0,194074,387507
0,0,0,0,10175,0,1092,1302
0,0,0,0,0,0,158,0
0,0,0,0,193,0,38347,157
0,0,0,0,0,0,181,0
0,0,0,0,10449,0,26782,0
0,0,0,0,220149,0,47112,638
0,0,624,59,0,0,0,0
0,0,0,0,104,0,48728,0
52,0,0,0,0,0,4963,0
0,0,0,0,0,0,53,0
0,0,0,0,12014,0,9091,466
46,0,9102,2273,169764,0,61480,0
0,0,0,0,0,0,3576,178
0,0,0,0,854,0,0,325
0,0,0,0,0,0,43319,38
0,0,0,0,0,0,1344,0
0,0,0,0,0,0,51766,125
0,0,0,0,2576,0,474068,335931
0,0,0,0,568,0,0,0
0,0,0,0,105,0,0,0
0,0,0,0,0,0,48,0
0,0,604,46,0,0,0,0
0,0,0,0,576,0,0,0
0,0,1164,88,11679,0,7911,1611
0,0,0,0,121,0,52704,0
0,0,0,0,0,64,0,0
0,0,0,0,0,267,0,0
0,0,3633,283,0,0,0,0
0,0,0,0,0,2212,0,0
0,0,838,62,0,0,0,0
0,0,0,0,2089,0,0,0
0,1,0,0,2090,0,0,0
0,92,0,0,0,0,0,0
0,0,0,0,0,0,0,106
0,0,0,0,5081,0,0,0
0,0,0,0,308,0,0,0
302,0,0,0,3946,0,0,23
0,0,0,0,749,0,0,0
0,0,0,0,108,0,0,0
0,0,0,0,7063,0,0,2646
0,0,0,0,26338,0,0,0
0,0,0,0,0,0,47993,112809
0,0,0,0,25155,0,0,0
0,0,0,0,53,0,0,0
0,0,0,0,0,0,129,0
0,0,0,0,80,0,53,51010
0,0,0,0,114,0,0,0
0,0,0,0,125,0,0,0
0,0,0,0,0,0,63843,94435
0,0,0,0,49509,0,0,0
0,0,0,0,5,0,0,0
0,0,0,0,168,0,0,0
0,0,0,0,80227,0,0,0
0,0,0,0,0,0,0,2485
0,0,0,0,0,0,48,0
0,175,0,121,21821,0,0,0
0,0,0,0,94,0,0,0
0,0,0,0,47,0,0,0
0,0,0,0,68,0,0,0
0,0,0,86,0,0,0,0
0,0,0,0,95,0,0,0
0,19,0,0,0,0,0,0
0,0,0,0,12235,0,0,0
0,0,0,0,31991,0,0,0
0,0,0,0,37,0,0,0
0,0,0,0,61,0,0,0
0,429,0,0,0,0,0,0
0,0,0,0,9850,0,0,0
0,0,0,0,2861,0,0,0
0,0,1074,78,0,0,0,0
0,0,0,0,3148,0,0,0
0,0,988,0,0,0,0,0
0,0,68,0,0,0,0,0
0,0,2153,0,6741,0,0,0
0,0,24,0,0,0,0,0
0,0,0,0,0,0,0,134
0,0,0,0,90937,0,115,0
0,0,0,0,8409,0,0,0
76,0,0,0,257,0,0,0
0,0,0,0,0,0,14631,131338
0,0,0,0,46,0,0,0
0,0,0,0,7924,0,0,0
0,0,0,0,89197,0,245,172
0,0,0,0,14226,0,0,0
0,0,0,0,16844,0,0,0
0,0,0,0,10751,0,0,0
0,0,179,0,0,0,0,0
0,0,0,0,8037,0,0,0
0,0,0,0,0,0,43777,81224
0,0,0,0,68,0,0,0
0,0,0,0,722,0,0,0
0,0,0,0,25768,0,0,0
0,0,0,0,7154,0,0,0
0,0,0,0,1821,0,0,0
0,0,0,0,0,0,16408,0
0,0,0,0,113,0,0,0
0,0,0,22670,0,0,0,0
0,0,0,47,0,0,0,0
0,0,0,117,0,0,0,0
0,0,0,0,34801,0,0,0
0,0,0,0,0,0,0,162
0,0,0,0,35,0,60862,92488
0,0,0,0,36,0,0,0
0,0,1072,67,12111,0,6329,0
0,861,0,0,0,0,0,0
0,0,0,0,5,0,0,0
0,0,0,0,9974,0,0,0
0,0,0,0,0,0,138,0
0,0,0,0,6,0,0,0
0,0,0,0,0,0,43628,45493
0,0,0,0,153257,0,342,172
0,0,0,0,0,0,104,0
0,0,0,0,438,0,202639,65508
0,0,0,0,4,0,75258,289893
0,0,0,0,147292,0,99,235
0,0,0,0,99,0,0,0
0,0,0,0,339,0,0,0
0,0,0,0,0,0,4636,0
0,0,0,0,48356,0,0,0
0,0,0,0,118,0,366,20746
0,0,0,0,319,0,0,125
0,0,0,0,0,0,138684,239879
0,0,0,0,90,0,0,0
0,0,0,0,132,0,51911,0
0,0,0,0,6565,0,0,0
0,0,0,0,0,0,151,0
0,0,18212,0,0,0,0,0
0,0,0,0,25702,0,162,0
0,0,18197,0,0,0,29005,0
0,0,0,0,2358,0,0,0
0,0,0,0,0,66,0,0
0,0,0,0,0,46,0,0
0,369,0,0,0,0,0,0
0,25,0,0,0,0,0,0
0,0,0,0,0,265,0,0
0,0,0,0,0,55,0,0
0,484,0,0,0,0,0,0
0,21,0,0,0,0,0,0
0,29,0,0,0,0,0,0
0,515,0,0,0,0,0,0
0,23,0,0,0,0,0,0
0,0,513,0,0,0,0,0
0,0,0,0,24939,0,0,0
0,0,3168,288,0,0,0,0
0,0,0,0,0,2590,0,0
0,0,0,0,10287,0,0,0
0,35,0,0,0,0,0,0
0,17,0,0,0,0,0,0
0,368,0,0,0,0,0,0
0,0,0,0,14926,0,0,0
0,0,830,80,0,0,0,0
0,0,0,0,70,0,0,0
0,410,0,0,0,0,0,0
0,621,0,0,0,0,0,0
0,29,0,0,0,0,0,0
0,30,0,0,0,0,0,0
0,558,0,0,0,0,0,0
0,1382,0,0,0,0,0,0
0,5,0,0,0,0,0,0
0,280,0,0,0,0,0,0
0,18,0,0,0,0,0,0
0,0,0,0,2309,0,0,0
0,9,0,0,4695,0,0,0
0,0,0,0,3257,0,0,0
0,5,0,0,0,0,0,0
0,152,0,0,2313,0,0,0
0,148,0,0,0,0,0,0
0,810,0,0,0,0,0,0
0,1656,0,0,0,0,0,0
0,765,0,0,0,0,0,0
0,542,0,0,0,0,0,0
0,37,0,0,0,0,0,0
0,140,0,0,0,0,0,0
0,13,0,0,0,0,0,0
0,22,0,0,0,0,0,0
0,414,0,0,0,0,0,0
0,64,0,0,0,0,0,0
0,0,0,0,9148,0,0,0
0,469,0,0,0,0,0,0
0,0,0,0,10525,0,0,0
0,127,0,0,0,0,0,0
0,520,0,0,0,0,0,0
0,166,0,0,0,0,0,0
0,137,0,0,0,0,0,0
0,125,0,0,0,0,0,0
0,22,0,0,0,0,0,0
0,486,0,0,0,0,0,0
0,149,0,0,0,0,0,0
0,97,0,0,0,0,0,0
0,27,0,0,0,0,0,0
0,79,0,0,0,0,0,0
0,142,0,0,0,0,0,0
0,117,0,0,0,0,0,0
0,0,0,0,5040,0,0,0
0,47,0,0,0,0,0,0
0,1080,0,0,0,0,0,0
0,1,0,0,0,0,0,0
0,0,0,0,1685,0,0,0
0,0,0,0,2780,0,0,0
0,243,0,0,0,0,0,0
0,0,7411,0,0,0,0,0
0,0,0,0,20491,0,0,0
0,0,41,0,0,0,0,0
0,304,0,0,0,0,0,0
0,8,0,119,20385,0,1218,0
0,0,0,0,130,0,0,0
0,0,0,0,117,0,0,0
0,1,0,0,0,0,0,0
0,82,0,0,0,0,0,0
0,36,0,0,0,0,0,0