0,19,0,31,0,0,0,0
0,0,0,0,724,0,0,0
0,0,0,0,1,0,0,0
0,0,0,0,14,0,0,0
0,0,0,0,50,0,0,0
0,0,0,0,15,0,0,0
0,0,0,0,2,0,0,0
0,0,0,0,4,0,0,0
0,101,0,0,17,0,0,0
0,0,0,0,0,0,25,388
0,0,0,0,321,0,9,0
0,0,0,0,2,0,0,0
1,0,0,0,1,0,409,1
0,0,0,0,2,0,753,1242
0,0,0,0,6,0,0,0
0,0,0,0,324,0,0,0
0,0,0,0,1,0,0,0
0,0,0,0,1245,0,0,0
0,0,0,0,50,0,121,0
0,0,0,0,149,0,188,3
0,2,0,0,246,0,0,0
0,0,0,0,1,0,0,0
0,0,0,0,547,0,0,0
0,0,0,0,12,0,0,0
0,0,0,0,10,0,0,0
0,0,0,0,0,0,165,0
0,0,0,0,1,0,0,0
0,0,0,0,1,0,0,0
0,0,0,0,82,0,0,0
0,0,0,0,100,0,0,0
0,0,0,0,1,0,0,0
0,0,0,0,100,0,0,0
0,0,0,0,101,0,0,0
1,0,0,0,305,0,732,521
0,0,0,0,343,0,0,0
0,0,0,0,839,0,1,3
0,82,0,0,314,0,0,0
0,0,0,0,0,0,0,1
1,0,0,0,728,0,0,102
0,1,0,0,670,0,1,366
0,0,0,0,4,0,304,1
0,0,0,0,0,0,0,2
1,0,0,0,668,0,507,1454
0,14,0,0,476,0,0,0
0,0,0,0,1118,0,1,0
0,161,0,0,0,0,0,0
0,8,0,0,909,0,380,196
0,6,0,0,1,0,0,1
0,0,0,0,769,0,0,0
0,0,0,0,52,0,0,0
0,5,0,0,613,0,1,2
0,27,0,0,835,0,256,0
0,0,0,0,4,0,0,0
0,119,0,0,0,0,0,0
0,142,0,0,0,0,0,0
0,62,0,0,0,0,0,0
0,111,0,0,0,0,0,0
0,241,0,0,0,0,0,0
0,35,0,0,0,0,0,0
0,0,0,0,0,0,25,388
0,0,0,0,304,0,739,523
0,0,0,0,0,0,324,566
1,0,0,0,1375,0,653,981
0,0,0,0,0,0,1,730
0,0,0,0,0,0,1,0
0,0,0,0,0,0,2,1
0,0,0,0,3,0,640,642
0,0,0,0,557,0,328,453
1,0,0,3,2,0,685,761
5,0,0,0,0,0,140,472
0,0,0,0,1,0,652,1120
0,0,0,0,4,0,787,1046
1,0,0,0,2,0,340,600
6,0,0,0,7,0,1520,2296
0,0,0,0,0,0,0,346
0,0,0,0,1,0,362,574
0,0,0,0,0,0,182,0
0,0,0,0,1885,0,377,7
0,0,0,0,1,0,0,0
0,0,0,0,1,0,0,0
0,0,0,0,12,0,421,578
0,0,0,0,1,0,0,455
0,0,0,0,0,0,1,0
2,0,0,0,1,0,246,382
0,0,0,0,2,0,442,363
0,0,0,0,0,0,0,1
0,0,0,0,15,0,14,365
0,0,0,0,0,0,347,413
0,0,0,0,0,0,490,541
0,0,0,0,859,0,602,833
0,0,0,0,0,0,1789,1672
0,0,80,4,10,0,0,3
0,0,0,0,52,0,357,546
0,0,0,0,0,0,1,195
0,0,0,0,0,0,463,436
0,0,0,0,0,0,1,404
0,0,0,0,1876,0,3357,4188
0,0,0,0,0,0,0,2
1,0,1,0,6,0,1052,975
0,0,0,0,0,0,0,2
0,0,0,0,0,0,323,783
1,0,0,0,0,0,0,1
0,0,0,0,1,0,314,365
0,0,16,1,0,0,0,0
0,0,0,0,345,0,0,0
7,0,0,0,0,0,328,567
6,0,0,0,0,0,0,0
0,0,0,0,345,0,2,0
1,0,0,0,0,0,0,0
1,0,0,0,0,0,0,0
0,0,0,0,51,0,0,0
0,207,0,0,0,0,0,0
0,0,0,0,1,0,0,0
1,0,0,0,580,0,1,0
0,0,0,0,0,0,1,0
1,0,82,0,0,0,253,415
0,0,0,0,653,0,0,0
0,0,0,0,8,0,0,0
0,0,0,0,1,0,0,0
0,0,0,0,4,0,0,0
0,0,55,0,0,0,33,0
0,0,0,0,282,0,0,0
0,0,0,0,319,0,7,0
0,0,0,0,210,0,0,0
0,0,0,0,835,0,0,0
0,0,0,0,1379,0,663,991
0,0,0,0,284,0,0,0
0,0,0,0,394,0,208,0
0,1,0,0,101,0,0,0
5,0,0,0,0,0,2,0
9,0,0,0,663,0,4,1
0,0,0,0,574,0,3,0
4,0,0,0,149,0,0,0
0,0,0,0,67,0,0,0
0,0,0,0,440,0,3,0
0,0,0,0,465,0,45,16
3,13,0,0,1465,0,1037,598
1,3,0,0,1342,0,2,0
9,0,0,0,1639,0,1286,2118
0,1,0,0,825,0,0,0
0,2,0,0,500,0,0,1
0,3,0,0,1337,0,0,0
0,0,0,0,251,0,0,0
0,0,0,0,2,0,0,0
0,0,0,0,143,0,0,0
0,0,0,0,305,0,14,0
0,612,0,0,0,0,0,0
0,0,0,0,0,0,2,0
0,0,0,0,219,0,0,0
1,5,0,0,3631,0,3,1
0,0,0,0,105,0,0,0
0,2,0,0,1456,0,0,0
0,0,0,0,610,0,218,0
0,0,0,0,37,0,0,0
1,0,0,0,278,0,0,0
0,0,0,0,224,0,1,0
0,0,20,0,1071,0,640,16
0,0,0,0,352,0,0,0
0,0,0,0,89,0,0,0
0,0,0,0,1882,0,28,0
0,24,0,0,1574,0,3,4
0,0,5,0,252,0,0,1
0,0,0,0,459,0,27,1
0,0,0,0,329,0,20,0
0,0,0,0,28,0,0,0
0,0,0,0,14,0,0,0
0,2,0,0,2871,0,2787,3129
0,0,0,0,247,0,0,0
2,1,0,0,1708,0,600,0
0,0,0,0,55,0,0,0
0,0,0,0,200,0,0,0
0,2,0,0,1478,0,2,0
0,0,0,0,374,0,0,0
0,0,0,0,390,0,1,0
0,207,0,0,0,0,0,0
0,0,0,0,1609,0,5,0
0,0,0,0,137,0,0,0
0,0,0,0,452,0,0,0
0,34,0,0,0,0,0,0
0,0,0,0,295,0,0,0
0,145,0,0,0,0,0,0
0,246,0,0,0,0,0,0
0,1,0,0,153,0,0,0
0,135,0,0,0,0,0,0
0,283,0,0,0,0,0,0
0,125,0,0,0,0,0,0
0,0,0,0,1,0,0,726
0,0,0,0,3,0,0,0
0,0,0,0,332,0,0,0
0,2,0,0,342,0,0,2
0,0,0,0,1,0,0,0
0,0,0,0,2,0,0,0
0,0,0,0,2,0,24,0
0,0,0,0,0,0,0,1
0,0,0,0,4,0,832,1157
0,0,0,0,1203,0,2,0
0,0,0,0,0,0,0,1
0,0,0,0,0,0,1,0
0,0,0,0,2,0,0,0
0,0,0,0,6,0,0,0
0,0,0,0,5,0,0,0
0,0,0,0,3,0,0,0
0,0,0,0,0,0,410,492
0,0,0,0,1,0,0,0
0,0,0,0,1,0,0,0
0,0,0,0,1,0,0,0
0,0,0,0,375,0,0,0
0,0,0,0,1,0,189,718
0,0,0,0,813,0,0,2
0,0,0,0,1,0,0,0
0,0,0,0,0,0,275,7
0,79,0,0,315,0,0,0
0,0,0,0,389,0,209,0
0,0,0,0,1,0,0,0
0,0,0,0,2,0,0,0
0,0,0,0,38,0,20,0
0,80,0,0,0,0,0,0
0,0,0,0,101,0,0,0
0,0,0,0,0,0,1,0
0,0,0,0,11,0,1,0
0,0,0,0,32,0,143,0
0,0,0,0,0,0,1,1
4,0,0,0,0,0,3,0
13,0,0,0,0,0,0,0
2,1,0,0,0,0,0,0
2,0,0,0,0,0,3,0
1,0,0,0,0,0,0,0
3,0,0,0,78,0,267,323
1,0,0,0,437,0,0,0
0,0,0,0,0,0,83,96
1,0,0,0,0,0,2,0
0,1,0,0,0,0,0,0
0,0,0,0,331,0,0,0
0,3,0,0,0,0,0,0
0,0,0,0,1,0,0,0
0,0,0,0,190,0,0,0
0,0,0,0,3,0,0,0
0,0,0,0,0,0,639,632
0,0,0,0,590,0,0,0
9,3,0,0,656,0,5,1
0,1,0,0,341,0,0,0
0,0,0,0,0,0,0,1
11,0,0,0,0,0,1,0
5,0,0,0,1,0,2,0
2,0,0,0,471,0,1,0
5,0,0,0,0,0,0,0
0,0,0,0,803,0,0,364
0,0,0,0,228,0,1,1
5,0,0,0,0,0,0,0
8,0,0,0,960,0,990,2
2,0,0,0,2,0,0,0
14,0,0,0,1095,0,1111,2229
2,0,0,0,0,0,2,0
0,0,0,0,1,0,2,0
0,0,0,0,2745,0,2,2
0,0,0,0,603,0,0,0
1,0,0,0,683,0,2,0
0,0,0,0,4,0,0,0
0,0,0,0,1,0,2,0
8,2,0,0,567,0,22,184
1,0,0,0,0,0,0,0
0,0,0,0,0,0,2,0
0,0,0,0,226,0,0,0
0,0,0,0,12,0,0,0
0,0,0,0,14,0,0,0
0,0,0,0,1,0,0,2
0,0,0,0,1,0,0,1
0,0,0,0,6,0,1,0
0,0,0,0,1846,0,2386,2999
3,0,0,0,1,0,41,0
0,0,0,0,58,0,0,0
0,105,0,0,0,0,0,0
0,107,0,0,0,0,0,0
0,80,0,0,0,0,0,0
0,67,0,0,0,0,0,0
2,0,0,0,0,0,0,0
5,0,0,0,2,0,2,0
1,0,0,0,0,0,0,0
0,0,0,0,0,0,1,0
0,0,0,0,0,0,1,0
1,0,0,0,0,0,25,16
0,0,0,0,0,0,2,0
3,0,158,0,2,0,27,284
0,0,6,0,0,0,0,0
0,0,0,0,323,0,1,0
0,0,0,0,1,0,0,0
0,0,0,0,1,0,0,0
0,0,2,0,0,0,479,178
0,0,0,0,1,0,0,0
1,0,0,0,0,0,3,0
0,3,0,0,248,0,0,0
0,0,0,0,556,0,330,451
0,207,0,0,0,0,0,0
1,0,0,0,573,0,2,0
0,0,0,0,339,0,1,1
2,0,0,0,468,0,0,0
1,0,0,0,0,0,0,0
0,0,0,0,0,0,2,0
1,0,0,0,2,0,7,0
0,4,0,0,655,0,1,1
2,0,0,0,1399,0,901,1453
0,17,0,0,99,0,0,0
1,0,0,0,1526,0,0,1
0,0,0,0,39,0,0,0
0,0,0,0,14,0,0,0
0,0,0,0,11,0,1,0
0,0,0,0,1,0,0,0
0,0,0,0,4,0,0,0
0,0,0,0,364,0,2,2
0,0,0,0,284,0,0,0
0,0,0,0,0,0,2,637
0,0,0,0,8,0,0,0
0,0,0,0,0,0,1,0
0,3,0,0,96,0,0,0
0,0,0,0,94,0,0,0
0,209,0,0,0,0,0,0
0,0,0,0,0,0,1,0
0,0,0,0,0,0,200,0
0,0,0,0,1,0,0,0
0,0,0,0,227,0,0,0
0,0,0,0,0,0,128,0
0,0,211,0,0,0,2,0
0,0,0,0,827,0,2,0
0,0,0,0,15,0,0,0
0,0,0,0,56,0,0,0
0,0,0,0,13,0,0,0
0,0,0,0,1,0,0,0
0,0,10,0,1,0,0,0
0,0,0,0,51,0,0,0
0,0,703,0,0,0,281,0
0,0,0,0,714,0,1,102
1,0,0,1,0,0,675,754
0,0,0,0,347,0,3,1
2,0,0,0,153,0,1,1
3,0,0,0,0,0,0,0
3,0,0,0,0,0,0,0
3,0,0,0,3,0,0,0
0,0,0,0,1,0,0,0
3,0,0,0,0,0,0,0
0,0,0,0,0,0,125,364
0,0,0,0,2,0,294,108
0,0,0,0,1,0,0,1
2,0,0,0,0,0,617,1466
0,1,0,0,194,0,0,0
0,0,0,0,1081,0,0,0
0,0,0,0,5,0,0,0
0,116,0,0,0,0,0,0
1,0,0,0,0,0,0,0
0,0,0,0,1,0,0,0
0,2,0,0,12,0,59,46
0,0,0,0,0,0,160,2
0,0,0,0,375,0,0,0
0,0,0,0,1,0,0,1
0,27,0,0,304,0,342,0
0,1,0,0,51,0,0,0
0,55,0,2,293,0,0,0
0,0,0,0,353,0,0,0
0,0,0,0,109,0,0,0
0,0,0,0,1,0,0,0
0,0,0,563,0,0,0,0
0,40,0,0,0,0,0,0
0,73,0,0,0,0,0,0
0,0,0,0,105,0,0,0
0,209,0,0,0,0,0,0
0,112,0,0,0,0,0,0
0,106,0,0,0,0,0,0
0,1,0,6,287,0,14,0
0,0,0,0,0,0,0,0
0,0,0,0,68,0,0,0
0,0,0,0,801,0,2,364
1,0,0,0,0,0,0,0
0,0,0,0,307,0,0,0
0,0,0,0,2,0,767,403
1,0,0,0,1,0,1035,1371
0,0,0,0,766,0,2,1
0,0,0,0,22,0,0,0
0,0,0,0,3,0,0,0
0,0,0,0,78,0,0,0
0,0,0,0,13,0,0,0
0,0,0,0,0,0,0,1
0,0,0,0,0,0,203,762
0,0,0,0,0,0,138,474
2,0,0,0,447,0,5,0
0,0,0,0,380,0,3,1
1,1,0,0,0,0,0,0
5,0,0,0,227,0,1,5
0,1,0,0,0,0,4,0
0,0,0,0,305,0,0,1
0,0,0,0,0,0,1251,67
3,0,16,0,5,0,1065,2129
0,0,0,0,0,0,0,3
0,0,0,0,1702,0,1,5
0,0,0,0,3,0,3,2
0,0,19,0,0,0,0,0
0,0,0,0,173,0,6,4
0,0,0,0,11,0,2,0
0,0,49,0,0,0,0,0
0,0,0,0,13,0,1,0
0,0,0,0,5,0,0,0
0,0,0,0,0,0,0,2
0,0,0,0,1,0,0,0
0,2,92,0,0,0,0,0
0,0,180,0,4,0,2353,2973
1,0,0,0,0,0,0,0
0,0,20,0,0,0,0,0
0,0,4,127,0,0,0,0
0,0,239,404,2079,0,0,0
0,0,3,198,49,0,0,0
0,20,0,31,0,0,0,0
0,0,0,0,3,0,1,0
0,1,0,0,667,0,0,366
0,0,0,0,1,0,643,1116
0,0,0,0,466,0,48,20
1,0,0,0,0,0,0,0
3,0,0,0,0,0,1,0
1,0,0,0,1,0,0,0
0,0,0,0,0,0,1,0
0,0,0,0,0,0,123,366
0,0,0,0,0,0,1,0
0,0,4,137,0,0,0,0
1,0,0,0,2,0,1187,785
0,0,0,0,0,0,0,1
2,0,0,0,3,0,1244,2287
0,0,0,0,0,0,1,0
0,139,0,0,0,0,0,0
0,0,0,0,4,0,2,0
1,0,1,139,346,0,3,2
0,0,63,23,178,0,0,0
0,0,0,0,711,0,3,0
0,0,0,0,3,0,4,0
0,0,100,24,0,0,0,0
1,0,0,0,0,0,0,0
0,0,0,0,2,0,0,0
0,0,0,0,1,0,0,0
0,17,2,9,1604,0,3,456
0,0,0,3,11,0,0,0
0,1,0,62,0,0,1,405
0,0,0,0,0,0,1,0
0,2,0,0,2,0,5,432
0,0,0,0,0,0,1,0
0,0,0,0,52,0,783,919
0,0,0,0,11,0,0,0
0,0,0,4,0,0,462,695
0,0,0,0,0,0,2,441
0,0,0,0,70,0,0,0
0,0,0,0,0,0,1,1
0,80,0,0,0,0,0,0
0,75,0,0,0,0,0,0
0,37,0,0,0,0,0,0
0,37,0,0,0,0,0,0
1,0,0,0,0,0,408,2
0,0,0,0,2,0,304,0
2,0,0,0,3,0,782,1034
1,0,0,0,0,0,1,0
2,18,0,0,1493,0,1031,595
0,0,0,0,2,0,23,0
4,0,0,0,0,0,3,0
7,0,0,0,960,0,1001,0
0,0,0,0,0,0,26,16
1,0,0,0,3,0,5,0
1,0,0,0,2,0,293,105
0,0,0,0,2,0,765,404
0,0,0,0,0,0,1249,66
1,0,0,0,2,0,1172,789
1,0,0,0,10,0,285,0
14,0,0,0,209,0,2195,2555
2,0,0,0,0,0,6,0
0,0,0,0,0,0,637,19
0,0,0,0,2,0,2,0
0,0,0,0,127,0,0,0
0,18,0,0,1645,0,641,0
0,0,0,0,3,0,0,0
0,0,0,0,3,0,1,0
0,0,0,0,1,0,0,0
0,0,0,0,35,0,769,0
0,0,0,0,11,0,619,0
4,0,0,0,496,0,657,367
0,0,0,0,2,0,0,0
0,0,0,0,19,0,92,388
1,0,0,0,0,0,0,0
0,0,0,0,1675,0,1018,456
0,0,4,0,5,0,0,0
0,0,0,0,6,0,661,159
0,0,0,0,0,0,121,0
0,0,0,0,2,0,56,69
0,25,64,0,41,0,1085,82
0,0,0,0,2,0,0,0
1,0,0,0,5,0,1907,771
0,0,0,0,2,0,0,0
0,0,0,0,4,0,1,0
0,0,0,0,4,0,1298,591
0,0,0,0,2,0,345,610
1,6,0,0,1329,0,1,1
2,0,0,0,0,0,0,0
1,0,0,0,2,0,0,0
0,2,0,0,657,0,0,0
0,0,0,0,1,0,0,0
1,0,0,0,8,0,285,0
5,0,0,0,6,0,1008,1631
0,0,0,0,13,0,0,0
0,0,0,0,1424,0,1,5
0,0,0,0,1,0,0,0
0,0,0,0,115,0,7,0
0,1,0,0,360,0,0,0
0,0,0,0,76,0,0,0
0,0,0,0,791,0,0,0
0,0,0,0,4,0,0,0
0,0,0,0,6,0,0,0
0,0,0,0,0,0,1594,2020
0,0,0,0,16,0,287,0
0,0,0,0,2,0,0,1
0,0,0,0,1,0,0,0
0,0,0,0,0,0,756,1240
0,0,0,0,102,0,0,0
1,0,0,0,674,0,505,1460
4,0,0,0,0,0,1519,2295
3,0,0,0,0,0,0,0
1,0,82,0,0,0,254,414
8,0,0,0,1621,0,1266,2102
0,0,0,0,4,0,836,1155
0,0,0,0,5,0,188,718
0,0,0,0,1,0,0,0
3,0,0,0,80,0,265,321
10,0,0,0,1090,0,1093,2214
2,0,165,0,1,0,27,284
3,0,0,0,1396,0,905,1452
0,0,213,0,0,0,0,0
1,0,0,0,0,0,598,1466
1,0,0,0,1,0,1042,1368
4,0,10,0,7,0,1060,2137
3,0,0,0,2,0,1254,2290
13,0,0,0,215,0,2168,2529
4,0,0,0,4,0,1009,1622
0,0,0,0,10,0,370,490
0,0,2,0,0,0,0,0
0,0,0,0,0,0,0,629
2,0,0,0,1,0,3,375
0,0,0,0,0,0,220,403
0,0,0,0,0,0,743,1085
0,0,0,0,0,0,460,428
0,0,4,0,1,0,0,710
1,0,0,0,58,0,3,0
0,0,0,0,1,0,42,1170
0,0,4,0,0,0,415,818
0,0,0,0,0,0,78,486
2,0,0,0,0,0,1097,1749
0,0,0,0,0,0,0,40
0,0,0,0,0,0,833,1469
0,0,0,0,0,0,152,0
3,0,7,0,708,0,711,1251
0,0,0,0,0,0,166,468
0,0,0,0,0,0,170,813
0,0,1,0,0,0,196,25
0,0,0,0,0,0,383,729
0,0,0,0,107,0,485,1489
0,0,0,0,0,0,0,277
0,0,0,0,0,0,0,2
0,0,0,0,2210,0,1141,2181
0,0,0,0,540,0,5,1299
0,0,878,5,3,0,1,2
0,0,0,0,8,0,978,1450
0,0,0,0,0,0,409,323
0,0,0,0,0,0,268,1149
0,0,0,0,0,0,0,1
0,0,0,0,1,0,0,0
1,0,91,0,1,0,1,711
4,0,0,0,0,0,1181,2278
7,0,0,0,50,0,0,6
0,0,0,0,1,0,398,643
0,0,1,0,1,0,123,1000
0,0,0,0,1,0,389,654
0,0,0,0,0,0,497,1919
0,0,393,0,0,0,0,0
0,0,149,0,0,0,0,0
0,3,0,0,824,0,0,0
0,16,0,0,473,0,0,0
0,0,0,0,2,0,0,0
0,0,0,0,194,0,0,0
0,2,0,0,0,0,0,0
0,41,0,0,0,0,0,0
0,3,0,0,501,0,1,1
0,0,0,0,1,0,3,3
0,0,0,0,11,0,374,493
0,0,0,0,372,0,3,0
0,0,0,0,1,0,0,0
0,0,0,0,1,0,0,0
0,0,0,0,49,0,231,413
0,0,0,0,127,0,1,0
0,0,0,0,1,0,0,0
0,7,0,0,1338,0,0,0
0,0,2,0,0,0,0,0
0,0,360,0,0,0,0,0
0,0,0,0,0,0,0,345
0,0,0,0,250,0,0,1
0,0,0,0,1,0,0,0
0,0,0,0,0,0,0,628
0,0,0,0,356,0,0,0
1,0,0,0,2,0,2,0
0,0,0,0,0,0,0,1
1,0,0,0,2,0,1,0
0,0,0,0,0,0,1,0
2,0,0,0,0,0,5,0
3,0,0,0,1,0,2,375
0,0,0,0,317,0,0,2
1,0,0,0,0,0,0,0
0,0,0,0,0,0,1,0
0,0,0,0,0,0,1,4
1,0,0,0,0,0,4,0
0,0,0,0,32,0,1,0
0,132,0,0,0,0,0,0
0,0,0,0,0,0,0,1
0,0,0,0,0,0,217,401
0,0,0,0,1,0,1,0
0,126,0,0,109,0,0,0
0,0,0,0,0,0,0,1
0,0,0,0,0,0,1,0
0,4,0,0,0,0,0,0
0,16,0,0,98,0,0,0
0,11,0,0,29,0,0,0
0,0,0,0,0,0,1,0
0,0,0,0,0,0,360,574
0,0,0,0,306,0,19,2
0,0,0,0,0,0,2,0
0,0,0,0,1,0,641,21
0,0,0,0,13,0,0,0
0,0,0,0,1,0,737,1082
0,0,0,0,1,0,1,0
0,0,0,0,379,0,0,0
0,0,0,0,1,0,0,0
0,0,0,0,1,0,0,0
0,0,0,0,876,0,3,0
0,0,0,0,12,0,0,0
0,0,0,0,0,0,1,2
0,0,0,0,56,0,123,51
0,0,0,0,14,0,0,0
0,0,0,0,1,0,335,0
0,0,0,0,60,0,0,0
0,583,0,0,0,0,0,0
0,309,0,0,0,0,0,0
0,1871,0,0,0,0,0,0
0,0,0,0,0,0,180,1
0,0,0,0,2,0,1,1
0,0,1,139,345,0,4,0
0,0,0,0,2,0,1,0
1,0,0,0,0,0,464,426
0,0,0,0,300,0,0,0
0,0,0,0,1,0,0,0
0,8,0,0,408,0,0,0
0,0,0,0,0,0,0,1
0,0,0,0,0,0,1,0
0,0,0,0,1,0,0,0
0,0,0,0,4,0,1,2
0,0,12,0,0,0,0,708
0,0,0,0,1074,0,0,0
0,0,124,0,0,0,0,0
0,0,0,0,5,0,0,0
0,0,5,0,1,0,0,1
0,0,623,0,1,0,273,0
0,0,0,0,9,0,0,0
0,0,0,0,218,0,0,0
0,0,65,19,182,0,0,0
0,0,0,0,127,0,0,0
0,0,0,0,29,0,0,0
0,0,0,0,8,0,0,0
0,0,63,24,677,0,0,0
0,0,0,0,208,0,226,0
0,0,0,0,712,0,0,0
0,102,0,0,17,0,0,0
0,0,0,0,330,0,0,0
0,0,0,0,551,0,0,0
0,0,0,0,1110,0,0,0
0,0,0,0,1885,0,377,0
0,0,0,0,51,0,0,0
0,0,0,0,646,0,0,0
0,0,0,0,1,0,0,0
1,5,0,0,3667,0,4,0
0,0,0,0,1196,0,0,0
0,0,0,0,810,0,0,0
0,0,0,0,11,0,0,0
0,0,0,0,434,0,0,0
0,0,0,0,331,0,0,0
0,0,0,0,193,0,0,0
1,0,0,0,2769,0,0,1
1,0,0,0,325,0,0,0
1,0,0,0,1520,0,1,0
0,0,0,0,38,0,0,0
0,0,0,0,825,0,0,0
0,0,0,0,1086,0,0,0
0,0,0,0,767,0,0,0
0,0,0,0,1702,0,0,0
0,0,0,0,712,0,0,0
0,18,0,0,1669,0,643,0
0,0,0,0,1419,0,1,0
0,0,0,0,56,0,11,17
0,0,0,0,369,0,0,0
0,0,0,0,320,0,0,0
0,0,0,0,381,0,0,0
0,313,0,0,0,0,0,0
0,0,0,0,274,0,0,0
0,0,0,0,1078,0,0,0
0,0,0,0,925,0,0,0
0,0,0,0,1011,0,0,0
0,209,0,0,0,0,0,0
0,0,0,0,431,0,0,0
0,0,0,0,640,0,1,0
0,0,0,0,1509,0,1,0
0,0,0,0,97,0,0,0
0,0,0,0,1433,0,0,0
0,0,0,0,358,0,0,0
0,0,0,0,197,0,0,0
0,0,0,0,298,0,0,0
0,0,0,0,126,0,0,0
0,0,0,0,295,0,0,0
0,0,0,0,69,0,0,0
0,0,0,0,234,0,0,0
0,0,0,0,554,0,49,0
0,0,0,0,245,0,0,0
0,0,0,0,2174,0,0,0
0,21,0,0,2549,0,0,0
0,0,0,0,1537,0,0,0
0,0,0,0,465,0,0,0
0,0,0,0,311,0,0,0
0,0,0,0,0,0,1,0
0,0,0,0,312,0,0,0
0,0,0,0,139,0,0,0
0,0,0,0,56,0,31,21
0,0,0,0,1505,0,0,0
0,0,0,0,1562,0,294,0
0,0,0,0,9,0,0,0
0,0,0,0,332,0,0,0
0,0,0,0,256,0,0,0
0,0,0,0,983,0,0,0
0,0,0,0,132,0,0,0
0,0,0,0,2,0,0,0
0,0,0,0,1178,0,0,0
0,0,0,0,433,0,0,0
0,5,0,0,0,0,0,0
0,5,0,0,0,0,0,0
0,0,0,0,208,0,0,0
0,39,0,0,0,0,0,0
0,0,0,0,198,0,0,0
0,0,0,0,387,0,0,0
0,0,0,0,104,0,0,0
0,1,20,2,1,0,0,0
0,0,0,0,2,0,0,0
0,0,0,0,1,0,0,0
0,0,0,0,603,0,0,0
0,0,0,0,1,0,0,0
0,0,0,0,4,0,0,2
0,0,0,0,0,0,42,1162
0,0,0,0,924,0,0,1
0,0,0,0,15,0,0,0
0,0,0,0,8,0,0,0
0,0,0,0,0,0,265,623
0,100,0,0,0,0,0,0
0,58,0,0,0,0,0,0
1,1,0,0,678,0,2,0
0,0,0,0,0,0,1,0
0,0,0,0,3,0,3,0
0,0,3,0,0,0,412,817
0,0,0,0,1011,0,0,0
0,0,0,0,1,0,0,1
0,0,0,0,3,0,0,0
0,0,200,0,0,0,399,65
0,215,0,0,0,0,0,0
0,1,0,0,1452,0,0,2
0,0,0,0,1,0,0,0
0,0,0,0,0,0,77,484
0,0,0,0,93,0,0,0
0,0,0,0,0,0,223,0
0,0,0,0,21,0,0,0
0,0,0,0,408,0,0,0
0,0,0,0,1,0,0,0
0,0,0,0,1,0,0,0
0,0,0,0,15,0,0,0
0,0,0,0,0,0,2,1
0,0,0,0,12,0,0,0
0,0,0,0,12,0,416,578
0,0,0,0,8,0,0,0
0,0,0,0,611,0,215,3
0,0,0,0,4,0,0,0
0,0,0,0,39,0,0,0
0,0,0,0,15,0,0,0
0,0,0,0,22,0,0,0
0,0,0,0,1,0,3,0
0,0,0,0,35,0,772,2
0,0,0,0,115,0,7,0
1,0,0,0,4,0,1094,1746
0,0,0,0,0,0,1,0
0,0,0,0,30,0,0,0
0,0,0,0,635,0,0,0
0,0,0,0,15,0,0,0
1,0,0,0,7,0,0,0
0,0,0,0,1,0,0,0
0,2,0,0,1584,0,2,0
0,0,0,0,101,0,7,0
0,0,0,0,160,0,217,491
0,0,0,0,110,0,0,0
0,0,0,0,0,0,398,0
0,0,0,0,106,0,0,0
0,0,0,0,13,0,0,0
0,0,0,0,0,0,1,0
0,10,0,0,915,0,381,197
0,0,0,0,0,0,0,455
0,0,0,0,3,0,0,0
0,0,0,0,0,0,0,1
0,0,0,0,0,0,0,38
0,0,0,0,1,0,0,0
0,0,100,22,0,0,0,0
0,0,0,0,307,0,0,0
0,16,100,24,0,0,0,0
0,116,0,0,0,0,0,0
0,0,0,0,0,0,0,0
0,0,0,0,0,0,1,0
0,0,0,0,37,0,0,0
0,0,0,0,2,0,1,1
0,0,0,0,2,0,0,0
0,0,0,0,1,0,0,0
0,0,0,0,10,0,617,1
0,0,0,0,0,0,841,1473
0,0,0,0,1514,0,3,0
0,0,0,0,188,0,0,0
0,0,0,0,4,0,0,0
0,0,0,0,2,0,0,0
0,0,0,0,1,0,1654,1888
0,0,0,0,5,0,1,0
0,0,0,0,1,0,0,0
0,0,0,0,2,0,0,0
0,0,19,0,1,0,0,0
0,0,0,0,0,0,152,0
0,0,0,0,95,0,0,0
0,0,57,0,128,0,0,0
0,0,1,0,0,0,1,0
0,35,0,0,0,0,0,0
1,0,0,0,0,0,244,382
2,0,0,0,280,0,3,1
8,1,0,0,566,0,22,186
0,0,0,0,82,0,0,0
0,0,0,0,167,0,1,0
1,0,0,0,0,0,0,0
3,0,0,0,494,0,647,373
0,0,0,0,0,0,1,1
4,0,8,0,704,0,714,1254
1,0,0,0,0,0,0,0
0,0,122,0,0,0,0,0
0,0,0,0,1431,0,3,3
0,0,0,0,1,0,0,0
1,0,0,0,7,0,0,0
0,0,0,0,189,0,0,0
0,0,57,0,129,0,1,0
0,0,0,0,0,0,1,0
0,0,53,0,133,0,0,0
0,0,0,0,10,0,4,0
0,0,0,0,121,0,0,0
0,0,0,0,0,0,0,2
0,0,0,0,3,0,0,1
0,0,69,0,137,0,0,0
0,1,0,0,810,0,1411,1776
1,0,0,0,0,0,38,0
0,1,62,0,117,0,0,0
0,0,0,0,0,0,0,1
0,0,0,0,1,0,0,0
0,34,0,0,0,0,0,0
0,33,0,0,0,0,0,0
0,31,0,0,0,0,0,0
0,25,0,0,0,0,0,0
0,0,0,0,109,0,0,0
0,127,0,0,0,0,0,0
0,115,0,0,0,0,0,0
1,0,0,0,0,0,0,0
0,1,0,0,13,0,0,1
0,0,0,0,1,0,168,467
0,0,0,0,355,0,1,0
0,0,0,0,0,0,28,1
0,0,0,0,2,0,0,0
0,0,0,0,195,0,0,0
0,0,0,0,3,0,443,361
0,2,0,0,226,0,1,1
0,0,0,0,2,0,0,0
0,3,0,0,359,0,0,1
0,0,0,0,0,0,169,812
0,0,0,0,299,0,0,0
0,0,0,0,1,0,0,0
0,0,0,0,7,0,0,0
0,0,0,0,1,0,0,1
0,0,0,0,0,0,1,0
0,0,48,0,0,0,0,0
0,0,0,0,0,0,196,24
0,0,1,0,0,0,0,0
0,0,0,0,125,0,0,0
0,0,53,0,133,0,0,0
0,0,3,0,0,0,0,0
0,0,1,0,1,0,0,1
0,0,1,0,0,0,3,0
0,0,0,0,2,0,0,0
0,0,0,0,1,0,0,0
0,0,0,0,0,0,382,729
0,0,0,0,27,0,0,0
0,0,0,0,6,0,0,0
0,0,0,0,267,0,0,0
0,0,0,0,2,0,0,0
0,6,0,0,758,0,0,0
0,0,0,0,1,0,0,0
0,0,0,0,0,0,0,1
0,0,0,0,0,0,2,0
0,0,0,0,1,0,0,0
0,0,0,0,26,0,0,0
0,0,0,0,225,0,0,0
0,0,0,0,69,0,0,0
0,0,0,0,233,0,0,0
0,0,0,0,1,0,0,0
0,0,0,0,52,0,0,0
0,0,0,0,2,0,0,1
0,0,0,0,10,0,0,0
0,0,0,0,16,0,15,366
0,0,20,0,1071,0,644,16
0,0,0,0,7,0,0,0
0,0,0,0,12,0,0,0
0,0,0,0,15,0,0,0
0,0,0,0,56,0,0,0
0,0,0,0,1,0,0,0
0,0,0,0,11,0,1,0
0,0,0,0,15,0,97,388
0,0,0,0,76,0,0,0
0,0,0,0,118,0,478,1491
0,0,0,0,5,0,0,0
0,0,0,0,546,0,51,1
0,0,0,0,8,0,0,0
0,0,0,0,4,0,0,0
0,0,0,0,89,0,0,0
0,0,0,0,1,0,0,0
0,0,0,0,10,0,4,0
0,0,0,0,1,0,0,0
0,1,0,0,2,0,0,0
0,0,0,0,0,0,26,0
0,0,0,0,63,0,51,0
0,0,0,0,2,0,0,0
0,0,0,0,73,0,581,764
0,0,0,0,65,0,0,0
0,0,0,0,131,0,64,0
0,0,0,0,1,0,0,0
0,0,0,0,114,0,0,0
0,0,0,0,3,0,52,0
0,0,0,0,0,0,349,417
0,0,0,0,359,0,0,0
0,2,0,0,7,0,0,0
0,6,0,0,13,0,57,44
0,0,0,0,0,0,0,277
0,10,0,0,29,0,0,0
0,0,0,0,0,0,1,0
0,1,0,0,81,0,2,0
0,0,0,0,5,0,0,0
0,0,0,0,0,0,492,541
0,0,0,0,0,0,1,0
0,0,0,0,81,0,0,0
0,0,0,0,0,0,201,0
0,0,0,0,0,0,156,1
1,0,0,0,0,0,0,0
0,1,0,0,89,0,1,3
0,0,0,0,0,0,1,0
0,1,0,0,3,0,0,0
0,0,0,0,1,0,0,0
0,0,0,0,242,0,0,0
0,0,0,0,15,0,0,0
0,0,0,0,1244,0,2,0
0,0,0,0,777,0,0,0
0,0,1,0,860,0,603,835
0,0,0,0,1880,0,30,1
0,0,0,0,5,0,0,0
0,0,0,0,14,0,0,0
0,0,0,0,14,0,0,0
0,0,0,0,378,0,0,0
0,0,0,0,14,0,0,0
0,0,0,0,5,0,0,0
0,0,239,399,2078,0,0,0
0,19,0,14,1609,0,6,455
1,0,0,0,1669,0,1022,461
0,0,0,0,793,0,0,0
5,0,1,0,2194,0,1142,2174
0,0,0,0,1,0,0,0
0,0,0,0,870,0,3,0
0,0,0,0,410,0,0,0
0,0,66,20,684,0,0,0
0,0,0,0,2173,0,1,1
0,1,0,0,1574,0,0,1
0,0,0,0,1,0,0,0
0,0,0,1,307,0,0,0
0,0,0,0,4,0,0,0
0,0,0,0,122,0,0,0
0,0,0,0,7,0,0,0
0,0,0,0,728,0,0,0
0,0,0,0,5,0,0,0
0,0,3,1,116,0,0,1
0,18,101,29,1559,0,1,0
0,0,0,0,592,0,0,0
0,0,0,0,1479,0,1756,519
0,0,0,0,116,0,0,0
0,2,167,55,1691,0,405,1
0,0,0,0,2,0,0,0
0,0,0,0,662,0,0,0
0,2,0,0,68,0,0,0
0,0,0,0,71,0,0,0
0,0,0,0,347,0,2,0
0,0,0,0,77,0,0,0
0,129,0,0,0,0,0,0
0,135,0,0,0,0,0,0
0,166,0,0,0,0,0,0
0,190,0,0,0,0,0,0
0,73,0,0,71,0,0,0
0,191,0,0,0,0,0,0
0,0,0,0,113,0,0,0
0,0,0,0,0,0,1789,1684
0,34,0,0,1534,0,3,4
0,2,0,0,0,0,0,0
0,0,0,0,4,0,0,2
0,0,0,0,0,0,0,2
0,1,0,0,2,0,11,3
0,0,0,0,0,0,1,1
0,0,0,0,537,0,11,1315
0,25,0,0,2595,0,4,3
0,0,0,0,0,0,0,2
0,0,0,0,0,0,26,0
0,0,253,0,5,0,1,0
0,72,0,0,4000,0,7333,6944
0,0,0,0,0,0,52,1
0,0,1,0,0,0,1,0
0,0,0,0,1,0,1,237
0,0,80,7,3,0,1,0
0,0,5,0,252,0,0,0
0,0,0,0,3,0,0,0
0,0,0,0,3,0,0,0
0,0,0,4,10,0,0,0
0,0,3,0,3,0,1,0
0,0,0,0,3,0,0,0
0,0,888,5,3,0,0,8
0,0,3,0,0,0,0,0
0,0,0,0,13,0,0,0
0,0,0,0,1557,0,0,0
0,0,0,0,1,0,0,0
0,0,0,0,101,0,7,0
0,0,0,0,1,0,0,0
0,0,0,0,63,0,52,0
0,0,6,2,114,0,0,0
0,0,254,0,0,0,0,0
0,0,0,0,52,0,0,0
0,0,1100,0,4,0,352,8
0,0,0,0,0,0,0,1
0,0,7,1,5,0,0,0
0,0,1,0,0,0,0,5
0,0,0,0,1,0,0,0
0,0,0,0,5,0,0,0
0,0,0,0,0,0,1,0
0,0,0,0,52,0,0,0
0,0,0,0,52,0,363,545
0,0,0,0,5,0,0,0
0,0,0,0,462,0,26,3
0,0,0,0,6,0,1,0
0,0,0,0,52,0,0,0
0,0,3,194,53,0,0,0
0,0,0,68,1,0,1,406
0,0,0,0,6,0,666,159
0,0,0,0,6,0,0,0
0,0,0,0,8,0,970,1445
0,0,0,0,0,0,1,1
0,0,0,0,465,0,1,1
0,2,0,0,0,0,0,0
0,16,100,22,0,0,0,0
0,17,101,27,1551,0,1,0
0,0,0,0,52,0,0,1
0,0,0,0,62,0,101,363
0,0,0,0,59,0,0,0
0,0,0,0,0,0,304,2
0,0,0,0,57,0,0,0
0,0,0,0,1,0,0,0
0,0,0,0,0,0,0,193
0,0,0,0,2,0,0,0
0,0,0,0,361,0,0,0
0,0,0,0,0,0,0,1
0,0,0,0,0,0,412,327
0,0,0,0,312,0,1,0
0,0,0,0,0,0,1,0
0,0,0,0,0,0,120,0
0,0,0,0,0,0,1,0
0,0,0,0,0,0,2,1
0,0,0,0,0,0,13,0
0,4,0,0,388,0,0,3
0,0,0,0,0,0,464,435
0,0,0,0,329,0,21,0
0,0,0,0,38,0,20,0
0,3,0,0,0,0,5,432
0,0,0,0,2,0,56,69
0,0,0,0,1,0,268,1150
0,0,0,0,327,0,0,0
0,5,0,0,0,0,0,0
0,0,0,0,312,0,0,0
0,0,0,0,0,0,2,0
0,0,0,0,1,0,0,0
0,28,0,0,0,0,0,0
0,0,0,0,1,0,0,0
0,0,0,0,1,0,0,0
0,1,0,0,608,0,0,0
0,0,0,0,0,0,352,0
0,0,0,0,231,0,1,50
0,104,0,0,0,0,0,0
0,0,0,0,2,0,0,0
0,2,91,0,0,0,0,0
0,0,2,0,0,0,0,0
0,0,0,0,140,0,0,0
0,0,68,0,135,0,0,0
0,0,1,0,0,0,0,0
0,29,0,0,832,0,254,0
0,0,0,0,0,0,1,402
0,0,0,0,28,0,0,0
0,29,0,1,306,0,345,1
0,0,0,0,0,0,0,1
0,55,0,0,0,0,0,0
0,0,0,0,3,0,1,0
0,0,0,0,1,0,0,0
0,3,0,0,47,0,0,0
0,0,0,0,1,0,0,0
0,0,0,0,13,0,0,0
0,0,0,0,1,0,0,0
0,0,0,0,243,0,0,0
0,0,0,0,1,0,0,0
0,0,0,0,1,0,0,0
0,0,0,0,53,0,124,1
0,0,0,0,0,0,165,0
0,0,1,0,1897,0,3372,4204
0,0,54,0,0,0,34,0
0,3,0,0,2867,0,2779,3127
0,0,0,0,0,0,409,492
0,0,0,0,0,0,273,7
0,0,0,0,32,0,145,0
0,0,0,0,0,0,85,96
0,0,0,0,1851,0,2397,3000
0,0,1,0,0,0,477,178
0,0,0,0,0,0,1,639
0,0,0,0,0,0,128,0
0,0,703,0,0,0,286,0
0,0,0,0,1,0,202,767
0,0,189,0,3,0,2380,2990
0,0,0,0,53,0,774,923
0,15,65,0,59,0,1076,71
0,1,0,0,0,0,1592,2035
0,0,27,0,1,0,12,34
0,0,0,0,48,0,235,409
0,0,358,0,0,0,0,0
0,0,0,0,0,0,0,8
0,0,0,0,60,0,123,51
0,1902,0,0,0,0,0,0
0,0,0,0,0,0,1,0
0,0,627,0,2,0,272,0
0,0,0,0,1,0,0,0
0,3,0,0,36,0,1,0
0,0,0,0,0,0,265,616
0,0,199,0,0,0,399,66
0,0,0,0,0,0,223,0
0,0,0,0,162,0,217,492
0,0,0,0,0,0,1661,1893
0,0,1,0,0,0,0,0
0,0,0,0,810,0,1411,1791
0,0,0,0,0,0,28,1
0,0,1,0,0,0,2,0
0,0,0,0,76,0,579,767
0,0,0,0,1485,0,1773,529
0,54,0,0,3995,0,7346,6958
0,0,1101,0,0,0,353,4
0,0,0,0,63,0,100,365
0,0,0,0,0,0,1,0
0,0,1,0,0,0,0,0
0,0,0,0,0,0,310,725
0,0,0,0,21,0,2972,2324
0,0,0,0,53,0,0,20
0,0,0,0,0,0,0,1
0,0,1,0,0,0,0,0
0,0,2,0,0,0,308,558
0,0,0,0,0,0,154,0
0,0,0,0,2,0,928,1810
0,0,379,0,0,0,214,0
0,0,0,0,247,0,0,0
0,5,0,0,8,0,0,0
0,0,0,0,10,0,0,0
0,0,0,0,2,0,1,1
1,0,85,0,1,0,1,712
0,0,0,0,13,0,0,0
0,0,0,0,1504,0,0,1
0,0,0,0,110,0,0,0
0,0,0,0,65,0,0,0
0,0,0,0,116,0,0,0
0,0,5,0,2,0,0,0
0,0,0,0,60,0,0,0
0,0,0,0,0,0,309,727
0,0,0,0,5,0,0,0
0,0,0,0,1,0,0,0
0,0,0,0,148,0,178,0
0,0,0,0,6,0,1054,973
1,0,0,0,1705,0,601,5
2,0,0,0,0,0,0,0
4,0,0,0,0,0,43,0
1,0,0,0,0,0,4,0
0,0,0,0,0,0,3,0
0,1,0,5,0,0,472,691
1,0,0,0,10,0,1883,780
0,0,0,0,16,0,287,0
4,0,1,0,2,0,1199,2264
0,0,0,0,134,0,8,10
0,0,0,0,0,0,3,0
0,0,0,0,2,0,335,1
0,0,0,0,0,0,1,0
0,0,0,0,206,0,226,0
0,0,0,0,1562,0,307,4
0,0,20,2,0,0,0,0
0,0,0,0,1,0,392,0
1,0,0,0,0,0,38,0
0,0,0,0,0,0,2,0
0,0,0,0,133,0,71,3
1,3,168,52,1681,0,403,0
0,0,0,0,0,0,51,2
0,0,8,4,6,0,0,2
0,0,0,0,0,0,308,1
0,0,0,0,0,0,12,0
0,0,0,0,0,0,355,1
0,0,0,0,19,0,2948,2293
0,0,0,0,5,0,0,0
1,0,0,0,1,0,0,0
0,0,0,0,0,0,1,0
0,0,23,2,0,0,0,0
0,0,0,0,6,0,0,0
0,0,23,2,149,0,80,12
0,0,0,0,2,0,412,0
0,0,0,0,0,11,0,0
0,0,0,0,0,56,0,0
0,0,77,7,0,0,0,0
0,0,0,0,0,401,0,0
0,0,21,2,0,0,0,0
0,0,0,0,51,0,0,0
0,3,0,0,47,0,0,0
0,42,0,0,0,0,0,0
0,0,0,0,0,0,0,2
0,0,0,0,55,0,0,0
0,0,0,0,4,0,0,0
7,0,0,0,49,0,0,6
0,0,0,0,8,0,0,0
0,0,0,0,2,0,0,0
0,0,0,0,53,0,0,20
0,0,0,0,229,0,0,0
0,0,0,0,1,0,322,784
0,0,0,0,208,0,2,0
0,0,0,0,1,0,0,0
0,0,0,0,0,0,1,0
0,0,0,0,1,0,1,442
0,0,0,0,2,0,0,0
0,0,0,0,1,0,0,0
0,0,0,0,0,0,398,642
0,0,0,0,338,0,0,0
0,0,0,0,1,0,0,0
0,0,0,0,2,0,0,0
0,0,0,0,663,0,1,0
0,0,0,0,1,0,0,50
0,0,0,0,0,0,1,0
0,43,0,3,290,0,0,0
0,0,0,0,1,0,0,0
0,0,0,0,2,0,0,0
0,0,0,0,1,0,0,0
0,0,0,2,0,0,0,0
0,0,0,0,1,0,0,0
0,50,0,0,0,0,0,0
0,0,0,0,255,0,0,0
0,0,0,0,459,0,0,0
0,0,0,0,1,0,0,0
0,0,0,0,1,0,0,0
0,122,0,0,0,0,0,0
0,0,0,0,109,0,0,0
0,2,0,0,68,0,0,0
0,0,23,2,0,0,0,0
0,0,0,0,58,0,0,0
0,0,19,0,0,0,0,0
0,0,1,0,0,0,0,0
0,1,61,0,117,0,0,0
0,0,1,0,0,0,0,0
0,0,0,0,0,0,0,1
0,0,0,0,1550,0,3,0
0,0,0,0,70,0,0,0
1,0,0,0,4,0,0,0
0,0,3,0,0,0,117,1005
0,0,0,0,1,0,0,0
0,0,0,0,59,0,0,0
0,0,0,0,989,0,2,1
0,0,0,0,106,0,0,0
0,0,0,0,115,0,0,0
0,0,0,0,71,0,0,0
0,0,3,0,0,0,0,0
0,0,0,0,56,0,0,0
0,0,0,0,0,0,313,560
0,0,0,0,1,0,0,0
0,0,0,0,8,0,0,0
0,0,0,0,474,0,0,0
0,0,0,0,135,0,0,0
0,0,0,0,12,0,0,0
0,0,0,0,0,0,154,0
0,0,0,0,2,0,0,0
0,0,0,561,0,0,0,0
0,0,0,1,0,0,0,0
0,0,0,3,0,0,0,0
0,0,0,0,385,0,0,0
0,0,0,0,0,0,0,1
0,0,0,0,1,0,393,665
0,0,0,0,2,0,0,0
0,0,23,2,153,0,78,0
0,206,0,0,0,0,0,0
0,0,0,0,2,0,0,0
0,6,0,0,94,0,0,0
0,0,0,0,0,0,1,0
0,0,0,0,1,0,0,0
0,0,0,0,1,0,314,367
0,1,0,0,1620,0,11,1
0,0,0,0,0,0,2,0
0,0,0,0,6,0,1303,598
0,0,0,0,1,0,492,1914
0,0,0,0,1166,0,1,2
0,0,0,0,1,0,0,0
0,0,0,0,5,0,0,0
0,0,0,0,0,0,52,0
0,0,0,0,346,0,0,0
0,0,0,0,1,0,4,235
0,0,0,0,2,0,0,1
0,0,0,0,1,0,923,1804
0,0,0,0,1,0,0,0
0,0,0,0,1,0,411,0
0,0,0,0,137,0,0,0
0,0,0,0,0,0,1,0
0,0,395,0,0,0,0,0
0,0,0,0,431,0,1,0
0,0,382,0,0,0,212,0
0,0,0,0,77,0,0,0
0,0,0,0,0,12,0,0
0,0,0,0,0,9,0,0
0,78,0,0,0,0,0,0
0,5,0,0,0,0,0,0
0,0,0,0,0,54,0,0
0,0,0,0,0,10,0,0
0,130,0,0,0,0,0,0
0,26,0,0,0,0,0,0
0,45,0,0,0,0,0,0
0,123,0,0,0,0,0,0
0,5,0,0,0,0,0,0
0,0,15,0,0,0,0,0
0,1,0,0,451,0,0,0
0,0,77,7,0,0,0,0
0,0,0,0,0,398,0,0
0,0,0,0,208,0,0,0
0,40,0,0,0,0,0,0
0,33,0,0,0,0,0,0
0,142,0,0,0,0,0,0
0,0,0,0,293,0,0,0
0,0,21,2,0,0,0,0
0,0,0,0,1,0,0,0
0,166,0,0,0,0,0,0
0,189,0,0,0,0,0,0
0,24,0,0,0,0,0,0
0,42,0,0,0,0,0,0
0,142,0,0,0,0,0,0
0,244,0,0,0,0,0,0
0,42,0,0,0,0,0,0
0,119,0,0,0,0,0,0
0,42,0,0,0,0,0,0
0,0,0,0,75,0,0,0
0,1,0,0,102,0,0,0
0,0,0,0,76,0,0,0
0,36,0,0,0,0,0,0
0,73,0,0,71,0,0,0
0,111,0,0,0,0,0,0
0,135,0,0,0,0,0,0
0,279,0,0,0,0,0,0
0,190,0,0,0,0,0,0
0,223,0,0,0,0,0,0
0,19,0,0,0,0,0,0
0,79,0,0,0,0,0,0
0,21,0,0,0,0,0,0
0,40,0,0,0,0,0,0
0,125,0,0,0,0,0,0
0,34,0,0,0,0,0,0
0,0,0,0,198,0,0,0
0,102,0,0,0,0,0,0
0,0,0,0,94,0,0,0
0,32,0,0,0,0,0,0
0,133,0,0,0,0,0,0
0,68,0,0,0,0,0,0
0,101,0,0,0,0,0,0
0,95,0,0,0,0,0,0
0,31,0,0,0,0,0,0
0,108,0,0,0,0,0,0
0,81,0,0,0,0,0,0
0,69,0,0,0,0,0,0
0,25,0,0,0,0,0,0
0,40,0,0,0,0,0,0
0,82,0,0,0,0,0,0
0,73,0,0,0,0,0,0
0,0,0,0,106,0,0,0
0,72,0,0,0,0,0,0
0,312,0,0,0,0,0,0
0,1,0,0,0,0,0,0
0,0,0,0,58,0,0,0
0,0,0,0,83,0,0,0
0,110,0,0,0,0,0,0
0,0,148,0,0,0,0,0
0,0,0,0,387,0,0,0
0,0,1,0,0,0,0,0
0,106,0,0,0,0,0,0
0,1,0,6,286,0,14,0
0,0,0,0,2,0,0,0
0,0,0,0,1,0,0,0
0,7,0,0,0,0,0,0
0,38,0,0,0,0,0,0
0,37,0,0,0,0,0,0
0,0,0,0,0,0,0,0
0,0,0,0,0,0,0,0
